{
    "registry": {
        "hive": "HKLM",
        "path": "HKLM\\SYSTEM\\ControlSet001\\Control\\Lsa\\FipsAlgorithmPolicy\\Enabled",
        "data": {
            "strings": [],
            "type": "REG_NONE"
        },
        "value": "Enabled",
        "key": "SYSTEM\\ControlSet001\\Control\\Lsa\\FipsAlgorithmPolicy"
    },
    "agent": {
        "id": "4c9c9cb3-f80f-44d8-9c89-6168243b7f21",
        "type": "endpoint",
        "version": "8.3.0-SNAPSHOT"
    },
    "Effective_process": {
        "entity_id": "YWFhYWFhYWEtYWFhYS1hYWFhLWFhYWEtYWFhYWFhYWFhYWFhLTI3MzItMTMyOTk3MDczNDEuMjUyNTI3NDAw",
        "executable": "C:\\Windows\\System32\\wbem\\WMIC.exe",
        "name": "WMIC.exe",
        "pid": 2732
    },
    "process": {
        "Ext": {
            "ancestry": [
                "NGM5YzljYjMtZjgwZi00NGQ4LTljODktNjE2ODI0M2I3ZjIxLTYwMC0xMzI5MzU0OTExMC40NjgyMjI3MDA=",
                "NGM5YzljYjMtZjgwZi00NGQ4LTljODktNjE2ODI0M2I3ZjIxLTQ3Mi0xMzI5MzU0OTExMC4xNzIwMjY5MDA="
            ],
            "code_signature": [
                {
                    "trusted": true,
                    "subject_name": "Microsoft Windows Publisher",
                    "exists": true,
                    "status": "trusted"
                }
            ]
        },
        "code_signature": {
            "trusted": true,
            "subject_name": "Microsoft Windows Publisher",
            "exists": true,
            "status": "trusted"
        },
        "name": "svchost.exe",
        "pid": 2772,
        "entity_id": "NGM5YzljYjMtZjgwZi00NGQ4LTljODktNjE2ODI0M2I3ZjIxLTI3NzItMTMyOTM1NzE5ODguNjU3ODk4NjAw",
        "executable": "C:\\Windows\\System32\\svchost.exe",
        "thread": {
            "id": 340,
            "Ext": {
                "call_stack": [
                    {
                        "allocation_private_bytes": 16384,
                        "callsite_leading_bytes": "00000000000000000000000000000000000000000000000000000000000000000000000000000000000000000000000000000000000000000000000000000000",
                        "callsite_trailing_bytes": "00000000000000000000000000000000000000000000000000000000000000000000000000000000000000000000000000000000000000000000000000000000",
                        "protection": "RWX",
                        "symbol_info": "C:\\Windows\\System32\\ntdll.dll!RtlUserThreadStart+0x21"
                    }
                ],
                "call_stack_summary": "ntdll.dll|kernelbase.dll|kernel32.dll|cmd.exe|kernel32.dll|ntdll.dll"
            }
        }
    },
    "message": "Endpoint registry event",
    "@timestamp": "2022-04-04T18:53:09.1283846Z",
    "ecs": {
        "version": "1.11.0"
    },
    "data_stream": {
        "namespace": "default",
        "type": "logs",
        "dataset": "endpoint.events.registry"
    },
    "host": {
        "hostname": "data-viz-win-1",
        "os": {
            "Ext": {
                "variant": "Windows Server 2019 Datacenter"
            },
            "kernel": "1809 (10.0.17763.2686)",
            "name": "Windows",
            "family": "windows",
            "type": "windows",
            "version": "1809 (10.0.17763.2686)",
            "platform": "windows",
            "full": "Windows Server 2019 Datacenter 1809 (10.0.17763.2686)"
        },
        "ip": [
            "10.201.0.13",
            "fe80::f40a:aed0:618a:972d",
            "127.0.0.1",
            "::1"
        ],
        "name": "data-viz-win-1",
        "id": "2beebb8e-e5f0-46ca-8635-97ba7bb8ccca",
        "mac": [
            "00-00-5E-00-53-23"
        ],
        "architecture": "x86_64"
    },
    "event": {
        "agent_id_status": "verified",
        "sequence": 36271,
        "ingested": "2022-04-04T18:53:18Z",
        "created": "2022-04-04T18:53:09.1283846Z",
        "kind": "event",
        "module": "endpoint",
        "action": "query",
        "id": "MYfZG00oEwD2/fqT+++++CMy",
        "category": [
            "registry"
        ],
        "type": [
            "access"
        ],
        "dataset": "endpoint.events.registry"
    },
    "user": {
        "domain": "NT AUTHORITY",
        "name": "SYSTEM",
        "id": "S-1-5-18"
    }
}