{
  "data_streams" : [
    {
      "name" : ".logs-deprecation.elasticsearch-default",
      "timestamp_field" : {
        "name" : "@timestamp"
      },
      "indices" : [
        {
          "index_name" : ".ds-.logs-deprecation.elasticsearch-default-2021.12.16-000001",
          "index_uuid" : "Ear7fBSwQCez8n74octJ0Q"
        },
        {
          "index_name" : ".ds-.logs-deprecation.elasticsearch-default-2021.12.30-000002",
          "index_uuid" : "VwnMXwCQT3K2LVc2B0ijPw"
        },
        {
          "index_name" : ".ds-.logs-deprecation.elasticsearch-default-2022.01.13-000003",
          "index_uuid" : "ak79EW6KSey9xxeJNN-WbQ"
        },
        {
          "index_name" : ".ds-.logs-deprecation.elasticsearch-default-2022.01.27-000004",
          "index_uuid" : "bRbUuHNISnyoQP_2e2C5dA"
        },
        {
          "index_name" : ".ds-.logs-deprecation.elasticsearch-default-2022.02.10-000005",
          "index_uuid" : "QRKYJkzwQEeflnBDJmNkZA"
        },
        {
          "index_name" : ".ds-.logs-deprecation.elasticsearch-default-2022.02.24-000006",
          "index_uuid" : "NqWTZYEpRF2EfbSCIbD-Jw"
        },
        {
          "index_name" : ".ds-.logs-deprecation.elasticsearch-default-2022.03.10-000007",
          "index_uuid" : "5mf33z66SNColeoHmyUf2w"
        },
        {
          "index_name" : ".ds-.logs-deprecation.elasticsearch-default-2022.03.24-000008",
          "index_uuid" : "V6Zl0sodQFayRnHembBq6A"
        },
        {
          "index_name" : ".ds-.logs-deprecation.elasticsearch-default-2022.04.07-000009",
          "index_uuid" : "ZTGaJz2HQWqU1XLcWcy4qg"
        },
        {
          "index_name" : ".ds-.logs-deprecation.elasticsearch-default-2022.04.21-000010",
          "index_uuid" : "wfdTFg92SVKrFNe1bnzwbQ"
        },
        {
          "index_name" : ".ds-.logs-deprecation.elasticsearch-default-2022.05.05-000011",
          "index_uuid" : "DKYVLGftRjGjsSiPwfJ0dA"
        },
        {
          "index_name" : ".ds-.logs-deprecation.elasticsearch-default-2022.05.19-000012",
          "index_uuid" : "Gf-K_dLzSsOU2F-Z3JgB8w"
        },
        {
          "index_name" : ".ds-.logs-deprecation.elasticsearch-default-2022.06.02-000013",
          "index_uuid" : "g5hsoZgJRY2-oAO-ogCihw"
        },
        {
          "index_name" : ".ds-.logs-deprecation.elasticsearch-default-2022.06.16-000014",
          "index_uuid" : "17XjVXyTT6Oy_Hvxr4gWSA"
        },
        {
          "index_name" : ".ds-.logs-deprecation.elasticsearch-default-2022.06.30-000015",
          "index_uuid" : "JMoxtrQZTZWe6ug2gMw0Jw"
        },
        {
          "index_name" : ".ds-.logs-deprecation.elasticsearch-default-2022.07.14-000016",
          "index_uuid" : "kLIL_yWJRAywSNIaPyJVHQ"
        },
        {
          "index_name" : ".ds-.logs-deprecation.elasticsearch-default-2022.07.28-000017",
          "index_uuid" : "03W47LCxRC-jg7XPkH2Fvw"
        },
        {
          "index_name" : ".ds-.logs-deprecation.elasticsearch-default-2022.08.11-000018",
          "index_uuid" : "oNkMvdAEQRi3oiUNv1rv9Q"
        },
        {
          "index_name" : ".ds-.logs-deprecation.elasticsearch-default-2022.08.25-000019",
          "index_uuid" : "Bee-_lggQuuFilXjV2-_Uw"
        },
        {
          "index_name" : ".ds-.logs-deprecation.elasticsearch-default-2022.09.08-000020",
          "index_uuid" : "X4fgO6pfRF6hy0D5ccoR0Q"
        }
      ],
      "generation" : 20,
      "_meta" : {
        "description" : "default template for Stack deprecation logs index template installed by x-pack",
        "managed" : true
      },
      "status" : "GREEN",
      "template" : ".deprecation-indexing-template",
      "ilm_policy" : ".deprecation-indexing-ilm-policy",
      "hidden" : true,
      "system" : false,
      "replicated" : false
    },
    {
      "name" : ".slm-history-5",
      "timestamp_field" : {
        "name" : "@timestamp"
      },
      "indices" : [
        {
          "index_name" : ".ds-.slm-history-5-2022.06.19-000016",
          "index_uuid" : "MOSe0FGLTBi2Xe059zqUPQ"
        },
        {
          "index_name" : ".ds-.slm-history-5-2022.07.19-000018",
          "index_uuid" : "8hx2DzXXSi-KZwK94r6OVw"
        },
        {
          "index_name" : ".ds-.slm-history-5-2022.08.18-000020",
          "index_uuid" : "sBR09We4S6i-aVJYJalANQ"
        },
        {
          "index_name" : ".ds-.slm-history-5-2022.09.17-000022",
          "index_uuid" : "o8d9S1-kSDSivMVKJFDzWA"
        }
      ],
      "generation" : 22,
      "_meta" : {
        "description" : "index template for SLM history indices",
        "managed" : true
      },
      "status" : "GREEN",
      "template" : ".slm-history",
      "ilm_policy" : "slm-history-ilm-policy",
      "hidden" : true,
      "system" : false,
      "replicated" : false
    },
    {
      "name" : "ilm-history-5",
      "timestamp_field" : {
        "name" : "@timestamp"
      },
      "indices" : [
        {
          "index_name" : ".ds-ilm-history-5-2022.06.19-000016",
          "index_uuid" : "CIZHY4xySVOlvZRGG9-N-w"
        },
        {
          "index_name" : ".ds-ilm-history-5-2022.07.19-000018",
          "index_uuid" : "zpXeLsKAQZajsr_KkjwU9A"
        },
        {
          "index_name" : ".ds-ilm-history-5-2022.08.18-000020",
          "index_uuid" : "ma7IO76yTAixZ_lEL4vDzg"
        },
        {
          "index_name" : ".ds-ilm-history-5-2022.09.17-000022",
          "index_uuid" : "w6GM2i1wTNeTEswr2aN50g"
        }
      ],
      "generation" : 22,
      "_meta" : {
        "description" : "index template for ILM history indices",
        "managed" : true
      },
      "status" : "GREEN",
      "template" : "ilm-history",
      "ilm_policy" : "ilm-history-ilm-policy",
      "hidden" : true,
      "system" : false,
      "replicated" : false
    }
  ]
}
