{
  "indices" : {
    "heartbeat-7.17.4-reindex" : {
      "index" : "heartbeat-7.17.4-reindex",
      "managed" : true,
      "policy" : "heartbeat",
      "lifecycle_date" : "2022-08-29T09:18:09.795Z",
      "lifecycle_date_millis" : 1661764689795,
      "age" : "24.11d",
      "phase" : "hot",
      "phase_time" : "2022-09-22T11:54:22.046Z",
      "phase_time_millis" : 1663847662046,
      "action" : "rollover",
      "action_time" : "2022-08-29T09:18:14.781Z",
      "action_time_millis" : 1661764694781,
      "step" : "ERROR",
      "step_time" : "2022-09-22T12:04:22.044Z",
      "step_time_millis" : 1663848262044,
      "failed_step" : "check-rollover-ready",
      "is_auto_retryable_error" : true,
      "failed_step_retry_count" : 1736,
      "step_info" : {
        "type" : "illegal_argument_exception",
        "reason" : "index.lifecycle.rollover_alias [heartbeat-7.17.4] does not point to index [heartbeat-7.17.4-reindex]",
        "stack_trace" : "java.lang.IllegalArgumentException: index.lifecycle.rollover_alias [heartbeat-7.17.4] does not point to index [heartbeat-7.17.4-reindex]\n\tat org.elasticsearch.xpack.core.ilm.WaitForRolloverReadyStep.evaluateCondition(WaitForRolloverReadyStep.java:156)\n\tat org.elasticsearch.xpack.ilm.IndexLifecycleRunner.runPeriodicStep(IndexLifecycleRunner.java:226)\n\tat org.elasticsearch.xpack.ilm.IndexLifecycleService.triggerPolicies(IndexLifecycleService.java:418)\n\tat org.elasticsearch.xpack.ilm.IndexLifecycleService.triggered(IndexLifecycleService.java:349)\n\tat org.elasticsearch.xpack.core.scheduler.SchedulerEngine.notifyListeners(SchedulerEngine.java:186)\n\tat org.elasticsearch.xpack.core.scheduler.SchedulerEngine$ActiveSchedule.run(SchedulerEngine.java:220)\n\tat java.base/java.util.concurrent.Executors$RunnableAdapter.call(Executors.java:539)\n\tat java.base/java.util.concurrent.FutureTask.run(FutureTask.java:264)\n\tat java.base/java.util.concurrent.ScheduledThreadPoolExecutor$ScheduledFutureTask.run(ScheduledThreadPoolExecutor.java:304)\n\tat java.base/java.util.concurrent.ThreadPoolExecutor.runWorker(ThreadPoolExecutor.java:1136)\n\tat java.base/java.util.concurrent.ThreadPoolExecutor$Worker.run(ThreadPoolExecutor.java:635)\n\tat java.base/java.lang.Thread.run(Thread.java:833)\n"
      },
      "phase_execution" : {
        "policy" : "heartbeat",
        "phase_definition" : {
          "min_age" : "0ms",
          "actions" : {
            "forcemerge" : {
              "max_num_segments" : 1
            },
            "rollover" : {
              "max_size" : "5gb",
              "max_primary_shard_size" : "10gb",
              "max_age" : "7d"
            }
          }
        },
        "version" : 10,
        "modified_date" : "2022-07-11T14:31:54.380Z",
        "modified_date_in_millis" : 1657549914380
      }
    }
  }
}
