{
  "elastic" : {
    "username" : "elastic",
    "roles" : [
      "superuser"
    ],
    "full_name" : null,
    "email" : null,
    "metadata" : {
      "_reserved" : true
    },
    "enabled" : true
  },
  "kibana" : {
    "username" : "kibana",
    "roles" : [
      "kibana_system"
    ],
    "full_name" : null,
    "email" : null,
    "metadata" : {
      "_deprecated" : true,
      "_deprecated_reason" : "Please use the [kibana_system] user instead.",
      "_reserved" : true
    },
    "enabled" : true
  },
  "kibana_system" : {
    "username" : "kibana_system",
    "roles" : [
      "kibana_system"
    ],
    "full_name" : null,
    "email" : null,
    "metadata" : {
      "_reserved" : true
    },
    "enabled" : true
  },
  "logstash_system" : {
    "username" : "logstash_system",
    "roles" : [
      "logstash_system"
    ],
    "full_name" : null,
    "email" : null,
    "metadata" : {
      "_reserved" : true
    },
    "enabled" : true
  },
  "beats_system" : {
    "username" : "beats_system",
    "roles" : [
      "beats_system"
    ],
    "full_name" : null,
    "email" : null,
    "metadata" : {
      "_reserved" : true
    },
    "enabled" : true
  },
  "apm_system" : {
    "username" : "apm_system",
    "roles" : [
      "apm_system"
    ],
    "full_name" : null,
    "email" : null,
    "metadata" : {
      "_reserved" : true
    },
    "enabled" : true
  },
  "remote_monitoring_user" : {
    "username" : "remote_monitoring_user",
    "roles" : [
      "remote_monitoring_collector",
      "remote_monitoring_agent"
    ],
    "full_name" : null,
    "email" : null,
    "metadata" : {
      "_reserved" : true
    },
    "enabled" : true
  },
  "test_vg" : {
    "username" : "test_vg",
    "roles" : [
      "VG_user"
    ],
    "full_name" : "test user vastgoed",
    "email" : "",
    "metadata" : { },
    "enabled" : true
  },
  "loghistory" : {
    "username" : "loghistory",
    "roles" : [
      "loghistory_reader"
    ],
    "full_name" : "loghistory API user",
    "email" : "",
    "metadata" : { },
    "enabled" : true
  },
  "monitor" : {
    "username" : "monitor",
    "roles" : [
      "monitoring_user",
      "remote_monitoring_collector",
      "remote_monitoring_agent"
    ],
    "full_name" : "Monitor User (momenteel xymon)",
    "email" : "p.h.welter@issc.leidenuniv.nl",
    "metadata" : { },
    "enabled" : true
  },
  "admingeerinck" : {
    "username" : "admingeerinck",
    "roles" : [
      "superuser"
    ],
    "full_name" : "local supersuser",
    "email" : "s.p.geerinck@issc.leidenuniv.nl",
    "metadata" : { },
    "enabled" : true
  },
  "adminwelter" : {
    "username" : "adminwelter",
    "roles" : [
      "superuser"
    ],
    "full_name" : "local supersuser",
    "email" : "p.h.welter@issc.leidenuniv.nl",
    "metadata" : { },
    "enabled" : true
  },
  "beat" : {
    "username" : "beat",
    "roles" : [
      "logstash_writer",
      "kibana_system",
      "remote_monitoring_agent",
      "remote_monitoring_collector"
    ],
    "full_name" : "internal stack beat instance",
    "email" : "",
    "metadata" : { },
    "enabled" : true
  },
  "formatter" : {
    "username" : "formatter",
    "roles" : [
      "logstash_writer"
    ],
    "full_name" : "logstash formatter instance",
    "email" : "",
    "metadata" : { },
    "enabled" : true
  },
  "indexer" : {
    "username" : "indexer",
    "roles" : [
      "logstash_writer"
    ],
    "full_name" : "logstash indexer instance",
    "email" : "",
    "metadata" : { },
    "enabled" : true
  },
  "adminfenijn" : {
    "username" : "adminfenijn",
    "roles" : [
      "superuser"
    ],
    "full_name" : "local supersuser",
    "email" : "c.h.c.fenijn@issc.leidenuniv.nl",
    "metadata" : { },
    "enabled" : true
  },
  "adminbeniest" : {
    "username" : "adminbeniest",
    "roles" : [
      "superuser"
    ],
    "full_name" : "local supersuser",
    "email" : "b.beniest@issc.leidenuniv.nl",
    "metadata" : { },
    "enabled" : true
  },
  "ansible" : {
    "username" : "ansible",
    "roles" : [
      "manage_cluster",
      "monitoring_user"
    ],
    "full_name" : "ansible API user",
    "email" : "",
    "metadata" : { },
    "enabled" : true
  }
}
