{
  "INFRA_users" : {
    "enabled" : false,
    "roles" : [
      "INFRA_user"
    ],
    "rules" : {
      "any" : [
        {
          "field" : {
            "groups" : "CN=G-UG-INSIGHTER-users-INFRA,OU=User Groups,OU=LUCI,OU=Groups,OU=Campus,DC=VUW,DC=leidenuniv,DC=nl"
          }
        },
        {
          "field" : {
            "groups" : "CN=G-UG-INSIGHTER-users-operations,OU=User Groups,OU=LUCI,OU=Groups,OU=Campus,DC=VUW,DC=leidenuniv,DC=nl"
          }
        },
        {
          "field" : {
            "groups" : "CN=G-UG-INSIGHTER-users-RIS,OU=User Groups,OU=LUCI,OU=Groups,OU=Campus,DC=VUW,DC=leidenuniv,DC=nl"
          }
        },
        {
          "field" : {
            "groups" : "CN=G-UG-INSIGHTER-users-SOC,OU=User Groups,OU=LUCI,OU=Groups,OU=Campus,DC=VUW,DC=leidenuniv,DC=nl"
          }
        },
        {
          "field" : {
            "groups" : "CN=G-UG-INSIGHTER-users-TAB,OU=User Groups,OU=LUCI,OU=Groups,OU=Campus,DC=VUW,DC=leidenuniv,DC=nl"
          }
        },
        {
          "field" : {
            "groups" : "CN=G-UG-INSIGHTER-users-WKS,OU=User Groups,OU=LUCI,OU=Groups,OU=Campus,DC=VUW,DC=leidenuniv,DC=nl"
          }
        },
        {
          "field" : {
            "groups" : "CN=G-UG-INSIGHTER-users-WPD,OU=User Groups,OU=LUCI,OU=Groups,OU=Campus,DC=VUW,DC=leidenuniv,DC=nl"
          }
        },
        {
          "field" : {
            "groups" : "CN=G-UG-INSIGHTER-users-WS,OU=User Groups,OU=LUCI,OU=Groups,OU=Campus,DC=VUW,DC=leidenuniv,DC=nl"
          }
        }
      ]
    },
    "metadata" : { }
  },
  "WKS_users" : {
    "enabled" : false,
    "roles" : [
      "wks_user"
    ],
    "rules" : {
      "any" : [
        {
          "field" : {
            "groups" : "CN=G-UG-INSIGHTER-users-WKS,OU=User Groups,OU=LUCI,OU=Groups,OU=Campus,DC=VUW,DC=leidenuniv,DC=nl"
          }
        }
      ]
    },
    "metadata" : { }
  },
  "wpd_users" : {
    "enabled" : false,
    "roles" : [
      "wpd_user"
    ],
    "rules" : {
      "any" : [
        {
          "field" : {
            "groups" : "CN=G-UG-INSIGHTER-users-WPD,OU=User Groups,OU=LUCI,OU=Groups,OU=Campus,DC=VUW,DC=leidenuniv,DC=nl"
          }
        }
      ]
    },
    "metadata" : { }
  },
  "tab_users" : {
    "enabled" : false,
    "roles" : [
      "tab_user"
    ],
    "rules" : {
      "any" : [
        {
          "field" : {
            "groups" : "CN=G-UG-INSIGHTER-users-TAB,OU=User Groups,OU=LUCI,OU=Groups,OU=Campus,DC=VUW,DC=leidenuniv,DC=nl"
          }
        }
      ]
    },
    "metadata" : { }
  },
  "ws_users" : {
    "enabled" : false,
    "roles" : [
      "ws_user"
    ],
    "rules" : {
      "any" : [
        {
          "field" : {
            "groups" : "CN=G-UG-INSIGHTER-users-WS,OU=User Groups,OU=LUCI,OU=Groups,OU=Campus,DC=VUW,DC=leidenuniv,DC=nl"
          }
        }
      ]
    },
    "metadata" : { }
  },
  "ris_users" : {
    "enabled" : false,
    "roles" : [
      "ris_user"
    ],
    "rules" : {
      "any" : [ ]
    },
    "metadata" : { }
  },
  "issc_watcher_admin" : {
    "enabled" : true,
    "roles" : [
      "watcher_admin"
    ],
    "rules" : {
      "any" : [
        {
          "field" : {
            "groups" : "CN=G-UG-INSIGHTER-users-ISSC-watcher_admins,OU=User Groups,OU=LUCI,OU=Groups,OU=Campus,DC=VUW,DC=leidenuniv,DC=nl"
          }
        }
      ]
    },
    "metadata" : { }
  },
  "usis_users" : {
    "enabled" : true,
    "roles" : [
      "usis_user",
      "reporting_user"
    ],
    "rules" : {
      "any" : [
        {
          "field" : {
            "dn" : "CN=weltherph,OU=Active,OU=Staff,OU=Accounts,OU=Campus,DC=VUW,DC=leidenuniv,DC=nl"
          }
        },
        {
          "field" : {
            "dn" : "CN=conijnr,OU=Active,OU=Staff,OU=Accounts,OU=Campus,DC=VUW,DC=leidenuniv,DC=nl"
          }
        },
        {
          "field" : {
            "dn" : "CN=geerincksp,OU=Active,OU=Staff,OU=Accounts,OU=Campus,DC=VUW,DC=leidenuniv,DC=nl"
          }
        },
        {
          "field" : {
            "groups" : "CN=G-UG-INSIGHTER-users-USIS,OU=User Groups,OU=LUCI,OU=Groups,OU=Campus,DC=VUW,DC=leidenuniv,DC=nl"
          }
        }
      ]
    },
    "metadata" : { }
  },
  "issc_users" : {
    "enabled" : true,
    "roles" : [
      "issc_user",
      "reporting_user"
    ],
    "rules" : {
      "any" : [
        {
          "field" : {
            "groups" : "CN=G-UG-INSIGHTER-users-INFRA,OU=User Groups,OU=LUCI,OU=Groups,OU=Campus,DC=VUW,DC=leidenuniv,DC=nl"
          }
        },
        {
          "field" : {
            "groups" : "CN=G-UG-INSIGHTER-users-operations,OU=User Groups,OU=LUCI,OU=Groups,OU=Campus,DC=VUW,DC=leidenuniv,DC=nl"
          }
        },
        {
          "field" : {
            "groups" : "CN=G-UG-INSIGHTER-users-RIS,OU=User Groups,OU=LUCI,OU=Groups,OU=Campus,DC=VUW,DC=leidenuniv,DC=nl"
          }
        },
        {
          "field" : {
            "groups" : "CN=G-UG-INSIGHTER-users-SOC,OU=User Groups,OU=LUCI,OU=Groups,OU=Campus,DC=VUW,DC=leidenuniv,DC=nl"
          }
        },
        {
          "field" : {
            "groups" : "CN=G-UG-INSIGHTER-users-TAB,OU=User Groups,OU=LUCI,OU=Groups,OU=Campus,DC=VUW,DC=leidenuniv,DC=nl"
          }
        },
        {
          "field" : {
            "groups" : "CN=G-UG-INSIGHTER-users-WKS,OU=User Groups,OU=LUCI,OU=Groups,OU=Campus,DC=VUW,DC=leidenuniv,DC=nl"
          }
        },
        {
          "field" : {
            "groups" : "CN=G-UG-INSIGHTER-users-WPD,OU=User Groups,OU=LUCI,OU=Groups,OU=Campus,DC=VUW,DC=leidenuniv,DC=nl"
          }
        },
        {
          "field" : {
            "groups" : "CN=G-UG-INSIGHTER-users-WS,OU=User Groups,OU=LUCI,OU=Groups,OU=Campus,DC=VUW,DC=leidenuniv,DC=nl"
          }
        },
        {
          "field" : {
            "groups" : "CN=G-UG-INSIGHTER-users-other,OU=User Groups,OU=LUCI,OU=Groups,OU=Campus,DC=VUW,DC=leidenuniv,DC=nl"
          }
        }
      ]
    },
    "metadata" : { }
  },
  "VG_users" : {
    "enabled" : true,
    "roles" : [
      "VG_user",
      "reporting_user"
    ],
    "rules" : {
      "any" : [
        {
          "field" : {
            "groups" : "CN=G-UG-INSIGHTER-users-vastgoed,OU=User Groups,OU=LUCI,OU=Groups,OU=Campus,DC=VUW,DC=leidenuniv,DC=nl"
          }
        }
      ]
    },
    "metadata" : { }
  },
  "SOC_users" : {
    "enabled" : true,
    "roles" : [
      "SOC_user",
      "reporting_user"
    ],
    "rules" : {
      "any" : [
        {
          "field" : {
            "groups" : "CN=G-UG-INSIGHTER-users-SOC,OU=User Groups,OU=LUCI,OU=Groups,OU=Campus,DC=VUW,DC=leidenuniv,DC=nl"
          }
        }
      ]
    },
    "metadata" : { }
  },
  "superusers" : {
    "enabled" : true,
    "roles" : [
      "superuser"
    ],
    "rules" : {
      "any" : [
        {
          "field" : {
            "dn" : "CN=AdminGeerinck,OU=Active,OU=Users,OU=Accounts,OU=IT Management,DC=VUW,DC=leidenuniv,DC=nl"
          }
        },
        {
          "field" : {
            "dn" : "CN=adminwelter,OU=Active,OU=Users,OU=Accounts,OU=IT Management,DC=VUW,DC=leidenuniv,DC=nl"
          }
        },
        {
          "field" : {
            "dn" : "CN=adminfenijn,OU=Active,OU=Users,OU=Accounts,OU=IT Management,DC=VUW,DC=leidenuniv,DC=nl"
          }
        },
        {
          "field" : {
            "groups" : "CN=G-UG-INSIGHTER-SRV-Admins,OU=User Groups,OU=LUCI,OU=Groups,OU=Campus,DC=VUW,DC=leidenuniv,DC=nl"
          }
        }
      ]
    },
    "metadata" : { }
  }
}
