{
  "retention_runs" : 699,
  "retention_failed" : 4,
  "retention_timed_out" : 54,
  "retention_deletion_time" : "10.7d",
  "retention_deletion_time_millis" : 929667481,
  "total_snapshots_taken" : 749,
  "total_snapshots_failed" : 6,
  "total_snapshots_deleted" : 616,
  "total_snapshot_deletion_failures" : 0,
  "policy_stats" : [
    {
      "policy" : "daily-snapshots",
      "snapshots_taken" : 749,
      "snapshots_failed" : 6,
      "snapshots_deleted" : 616,
      "snapshot_deletion_failures" : 0
    }
  ]
}
