{
  "daily-snapshots" : {
    "version" : 4,
    "modified_date" : "2021-11-10T12:50:42.577Z",
    "modified_date_millis" : 1636548642577,
    "policy" : {
      "name" : "<daily-snap-{now/d}>",
      "schedule" : "0 30 3,9,15,21 * * ?",
      "repository" : "nfs_dump_prod",
      "config" : { },
      "retention" : {
        "expire_after" : "35d",
        "min_count" : 1,
        "max_count" : 140
      }
    },
    "last_success" : {
      "snapshot_name" : "daily-snap-2022.05.18-zft1_yhgt_efrbqfnrqjjg",
      "start_time_string" : "2022-05-18T09:29:59.815Z",
      "start_time" : 1652866199815,
      "time_string" : "2022-05-18T13:40:28.622Z",
      "time" : 1652881228622
    },
    "last_failure" : {
      "snapshot_name" : "daily-snap-2022.05.18-utji3ougtpolzflrmv0vug",
      "time_string" : "2022-05-18T03:30:00.012Z",
      "time" : 1652844600012,
      "details" : "{\"type\":\"snapshot_exception\",\"reason\":\"[nfs_dump_prod:daily-snap-2022.05.18-utji3ougtpolzflrmv0vug/QESXt5u5Qe-p8DcBOr5B8g] Indices don't have primary shards [filebeat-7.16.1-2022.04.16-001470]\",\"stack_trace\":\"SnapshotException[[nfs_dump_prod:daily-snap-2022.05.18-utji3ougtpolzflrmv0vug/QESXt5u5Qe-p8DcBOr5B8g] Indices don't have primary shards [filebeat-7.16.1-2022.04.16-001470]]\\n\\tat org.elasticsearch.snapshots.SnapshotsService$2.execute(SnapshotsService.java:575)\\n\\tat org.elasticsearch.repositories.blobstore.BlobStoreRepository$1.execute(BlobStoreRepository.java:487)\\n\\tat org.elasticsearch.cluster.ClusterStateUpdateTask.execute(ClusterStateUpdateTask.java:51)\\n\\tat org.elasticsearch.cluster.service.MasterService.executeTasks(MasterService.java:836)\\n\\tat org.elasticsearch.cluster.service.MasterService.calculateTaskOutputs(MasterService.java:403)\\n\\tat org.elasticsearch.cluster.service.MasterService.runTasks(MasterService.java:243)\\n\\tat org.elasticsearch.cluster.service.MasterService.access$100(MasterService.java:63)\\n\\tat org.elasticsearch.cluster.service.MasterService$Batcher.run(MasterService.java:170)\\n\\tat org.elasticsearch.cluster.service.TaskBatcher.runIfNotProcessed(TaskBatcher.java:146)\\n\\tat org.elasticsearch.cluster.service.TaskBatcher$BatchedTask.run(TaskBatcher.java:202)\\n\\tat org.elasticsearch.common.util.concurrent.ThreadContext$ContextPreservingRunnable.run(ThreadContext.java:718)\\n\\tat org.elasticsearch.common.util.concurrent.PrioritizedEsThreadPoolExecutor$TieBreakingPrioritizedRunnable.runAndClean(PrioritizedEsThreadPoolExecutor.java:262)\\n\\tat org.elasticsearch.common.util.concurrent.PrioritizedEsThreadPoolExecutor$TieBreakingPrioritizedRunnable.run(PrioritizedEsThreadPoolExecutor.java:225)\\n\\tat java.base/java.util.concurrent.ThreadPoolExecutor.runWorker(ThreadPoolExecutor.java:1136)\\n\\tat java.base/java.util.concurrent.ThreadPoolExecutor$Worker.run(ThreadPoolExecutor.java:635)\\n\\tat java.base/java.lang.Thread.run(Thread.java:833)\\n\"}"
    },
    "next_execution" : "2022-09-22T15:30:00.000Z",
    "next_execution_millis" : 1663860600000,
    "stats" : {
      "policy" : "daily-snapshots",
      "snapshots_taken" : 749,
      "snapshots_failed" : 6,
      "snapshots_deleted" : 616,
      "snapshot_deletion_failures" : 0
    }
  }
}
