{
  "count" : 2,
  "transforms" : [
    {
      "id" : "endpoint.metadata_current-default-1.3.0",
      "state" : "started",
      "node" : {
        "id" : "oOMZzOd_TF2i1-dc7AOGeg",
        "name" : "insighter10.infra.leidenuniv.nl",
        "ephemeral_id" : "OEPLsMnGQKq4gUpfF3IO2w",
        "transport_address" : "172.17.200.20:9300",
        "attributes" : { }
      },
      "stats" : {
        "pages_processed" : 1,
        "documents_processed" : 0,
        "documents_indexed" : 0,
        "documents_deleted" : 0,
        "trigger_count" : 260738,
        "index_time_in_ms" : 0,
        "index_total" : 0,
        "index_failures" : 0,
        "search_time_in_ms" : 33,
        "search_total" : 1,
        "search_failures" : 0,
        "processing_time_in_ms" : 0,
        "processing_total" : 1,
        "delete_time_in_ms" : 0,
        "exponential_avg_checkpoint_duration_ms" : 134.0,
        "exponential_avg_documents_indexed" : 0.0,
        "exponential_avg_documents_processed" : 0.0
      },
      "checkpointing" : {
        "last" : {
          "checkpoint" : 1,
          "timestamp_millis" : 1661240876063,
          "time_upper_bound_millis" : 1661240866063
        },
        "changes_last_detected_at" : 1661240876018,
        "last_search_time" : 1663848361363
      }
    },
    {
      "id" : "endpoint.metadata_united-default-1.3.0",
      "state" : "started",
      "node" : {
        "id" : "vk_xua05SUCRpfZHv9IdHg",
        "name" : "insighter07.infra.leidenuniv.nl",
        "ephemeral_id" : "mGtRh7B_Q1G3uWYc5jZ3xA",
        "transport_address" : "172.17.200.17:9300",
        "attributes" : { }
      },
      "stats" : {
        "pages_processed" : 1,
        "documents_processed" : 0,
        "documents_indexed" : 0,
        "documents_deleted" : 0,
        "trigger_count" : 651798,
        "index_time_in_ms" : 0,
        "index_total" : 0,
        "index_failures" : 0,
        "search_time_in_ms" : 75,
        "search_total" : 1,
        "search_failures" : 0,
        "processing_time_in_ms" : 1,
        "processing_total" : 1,
        "delete_time_in_ms" : 0,
        "exponential_avg_checkpoint_duration_ms" : 157.0,
        "exponential_avg_documents_indexed" : 0.0,
        "exponential_avg_documents_processed" : 0.0
      },
      "checkpointing" : {
        "last" : {
          "checkpoint" : 1,
          "timestamp_millis" : 1661240876972,
          "time_upper_bound_millis" : 1661240872972
        },
        "changes_last_detected_at" : 1661240876903,
        "last_search_time" : 1663848361095
      }
    }
  ]
}
