{
  "count" : 2,
  "transforms" : [
    {
      "id" : "endpoint.metadata_current-default-1.3.0",
      "version" : "7.17.4",
      "create_time" : 1661240872906,
      "source" : {
        "index" : [
          "metrics-endpoint.metadata-*"
        ],
        "query" : {
          "range" : {
            "@timestamp" : {
              "gt" : "now-90d/d"
            }
          }
        }
      },
      "dest" : {
        "index" : "metrics-endpoint.metadata_current_default"
      },
      "frequency" : "10s",
      "sync" : {
        "time" : {
          "field" : "event.ingested",
          "delay" : "10s"
        }
      },
      "latest" : {
        "unique_key" : [
          "elastic.agent.id"
        ],
        "sort" : "@timestamp"
      },
      "description" : "Latest Endpoint metadata document per host",
      "settings" : { },
      "_meta" : {
        "managed" : true
      }
    },
    {
      "id" : "endpoint.metadata_united-default-1.3.0",
      "version" : "7.17.4",
      "create_time" : 1661240872901,
      "source" : {
        "index" : [
          "metrics-endpoint.metadata_current_default*",
          ".fleet-agents*"
        ],
        "query" : {
          "match_all" : { }
        }
      },
      "dest" : {
        "index" : ".metrics-endpoint.metadata_united_default"
      },
      "frequency" : "4s",
      "sync" : {
        "time" : {
          "field" : "updated_at",
          "delay" : "4s"
        }
      },
      "pivot" : {
        "group_by" : {
          "agent.id" : {
            "terms" : {
              "field" : "agent.id"
            }
          }
        },
        "aggregations" : {
          "united" : {
            "scripted_metric" : {
              "init_script" : "state.docs = []",
              "map_script" : "state.docs.add(new HashMap(params['_source']))",
              "combine_script" : "return state.docs",
              "reduce_script" : "def ret = new HashMap(); for (s in states) { for (d in s) { if (d.containsKey('Endpoint')) { ret.endpoint = d } else { ret.agent = d } }} return ret"
            }
          }
        }
      },
      "description" : "Merges latest Endpoint and Agent metadata documents",
      "settings" : { },
      "_meta" : {
        "managed" : true
      }
    }
  ]
}
