{"_nodes":{"total":23,"successful":23,"failed":0},"cluster_name":"insighter","manually_stopped":false,"stats":[{"node_id":"UgeYqqjDQ3GEpZRzlylbUg","watcher_state":"started","watch_count":0,"execution_thread_pool":{"queue_size":0,"max_size":0}},{"node_id":"E-48SNptSr6UZULEQpyXWA","watcher_state":"started","watch_count":0,"execution_thread_pool":{"queue_size":0,"max_size":0}},{"node_id":"XMDMZHGQTs6u3_yxhI4oMg","watcher_state":"started","watch_count":0,"execution_thread_pool":{"queue_size":0,"max_size":0}},{"node_id":"-po_sP2ATSSxGudRXtLmCg","watcher_state":"started","watch_count":0,"execution_thread_pool":{"queue_size":0,"max_size":0}},{"node_id":"a1XCilnRQluJAyXeipVnrA","watcher_state":"started","watch_count":0,"execution_thread_pool":{"queue_size":0,"max_size":0}},{"node_id":"UVALrz7VSJ69zW87dNL-Kw","watcher_state":"started","watch_count":0,"execution_thread_pool":{"queue_size":0,"max_size":0}},{"node_id":"YaOrvNkvTLWY9NlxWJNLcA","watcher_state":"started","watch_count":0,"execution_thread_pool":{"queue_size":0,"max_size":0}},{"node_id":"Z1CBbfCaQdS1jIEuquw8OA","watcher_state":"started","watch_count":0,"execution_thread_pool":{"queue_size":0,"max_size":0}},{"node_id":"Cf5Yw_TyRxStTQdKa7e61g","watcher_state":"started","watch_count":0,"execution_thread_pool":{"queue_size":0,"max_size":0}},{"node_id":"EoYHAAyERVSOs3apsZ_ASQ","watcher_state":"started","watch_count":4,"execution_thread_pool":{"queue_size":0,"max_size":50}},{"node_id":"vk_xua05SUCRpfZHv9IdHg","watcher_state":"started","watch_count":0,"execution_thread_pool":{"queue_size":0,"max_size":0}},{"node_id":"JVrQ5SWqS-2GOoknBTKHBg","watcher_state":"started","watch_count":8,"execution_thread_pool":{"queue_size":0,"max_size":50}},{"node_id":"OOy4702iT2GHOGbZsmDKrg","watcher_state":"started","watch_count":0,"execution_thread_pool":{"queue_size":0,"max_size":50}},{"node_id":"YaelM0i3Q9GVWoYzeaph1g","watcher_state":"started","watch_count":0,"execution_thread_pool":{"queue_size":0,"max_size":0}},{"node_id":"fOwd5unrRqujZfnA9dC5Zw","watcher_state":"started","watch_count":0,"execution_thread_pool":{"queue_size":0,"max_size":0}},{"node_id":"ZSxuDLz8QGaJ3lCaFB_tcQ","watcher_state":"started","watch_count":0,"execution_thread_pool":{"queue_size":0,"max_size":0}},{"node_id":"_bEIkrBLRsq9qtaLKlV_uw","watcher_state":"started","watch_count":0,"execution_thread_pool":{"queue_size":0,"max_size":0}},{"node_id":"oOMZzOd_TF2i1-dc7AOGeg","watcher_state":"started","watch_count":0,"execution_thread_pool":{"queue_size":0,"max_size":0}},{"node_id":"UEw5FlpCQ2K9AsvLpKfGJA","watcher_state":"started","watch_count":0,"execution_thread_pool":{"queue_size":0,"max_size":0}},{"node_id":"nJibeFaKTF6Ru_nMJTJS0g","watcher_state":"started","watch_count":0,"execution_thread_pool":{"queue_size":0,"max_size":0}},{"node_id":"hPm4-1ETQ2CJGYbkG17MBg","watcher_state":"started","watch_count":0,"execution_thread_pool":{"queue_size":0,"max_size":0}},{"node_id":"j2hnKlBpSgOe8Qry5-e_TA","watcher_state":"started","watch_count":0,"execution_thread_pool":{"queue_size":0,"max_size":0}},{"node_id":"pC_yHI-uRseEhj6dexBYsQ","watcher_state":"started","watch_count":0,"execution_thread_pool":{"queue_size":0,"max_size":0}}]}