{
  "data_tiers" : {
    "available" : true,
    "enabled" : true,
    "data_content" : {
      "node_count" : 17,
      "index_count" : 152,
      "total_shard_count" : 303,
      "primary_shard_count" : 152,
      "doc_count" : 8214664351,
      "total_size" : "3.7tb",
      "total_size_bytes" : 4122078880962,
      "primary_size" : "1.8tb",
      "primary_size_bytes" : 2053782806349,
      "primary_shard_size_avg" : "12.5gb",
      "primary_shard_size_avg_bytes" : 13511728989,
      "primary_shard_size_median" : "46.8mb",
      "primary_shard_size_median_bytes" : 49123804,
      "primary_shard_size_mad" : "46.8mb",
      "primary_shard_size_mad_bytes" : 49123578
    },
    "data_warm" : {
      "node_count" : 7,
      "index_count" : 1668,
      "total_shard_count" : 2309,
      "primary_shard_count" : 1679,
      "doc_count" : 61038094696,
      "total_size" : "62.4tb",
      "total_size_bytes" : 68638052881677,
      "primary_size" : "47.1tb",
      "primary_size_bytes" : 51848010520202,
      "primary_shard_size_avg" : "28.7gb",
      "primary_shard_size_avg_bytes" : 30880292150,
      "primary_shard_size_median" : "31.5gb",
      "primary_shard_size_median_bytes" : 33896767852,
      "primary_shard_size_mad" : "1.3gb",
      "primary_shard_size_mad_bytes" : 1441725431
    },
    "data_hot" : {
      "node_count" : 10,
      "index_count" : 296,
      "total_shard_count" : 602,
      "primary_shard_count" : 301,
      "doc_count" : 13521952508,
      "total_size" : "14.3tb",
      "total_size_bytes" : 15729812991007,
      "primary_size" : "7.1tb",
      "primary_size_bytes" : 7845340449005,
      "primary_shard_size_avg" : "24.2gb",
      "primary_shard_size_avg_bytes" : 26064253983,
      "primary_shard_size_median" : "31.3gb",
      "primary_shard_size_median_bytes" : 33681658082,
      "primary_shard_size_mad" : "3.5gb",
      "primary_shard_size_mad_bytes" : 3759499949
    }
  },
  "monitoring" : {
    "available" : true,
    "enabled" : true,
    "collection_enabled" : true,
    "enabled_exporters" : {
      "local" : 1
    }
  },
  "analytics" : {
    "available" : true,
    "enabled" : true,
    "stats" : {
      "boxplot_usage" : 0,
      "cumulative_cardinality_usage" : 0,
      "string_stats_usage" : 24,
      "top_metrics_usage" : 34539,
      "t_test_usage" : 0,
      "moving_percentiles_usage" : 0,
      "normalize_usage" : 0,
      "rate_usage" : 38,
      "multi_terms_usage" : 0
    }
  },
  "ml" : {
    "available" : false,
    "enabled" : true,
    "jobs" : {
      "_all" : {
        "count" : 0,
        "detectors" : {
          "total" : 0.0,
          "min" : 0.0,
          "avg" : 0.0,
          "max" : 0.0
        },
        "created_by" : { },
        "model_size" : {
          "total" : 0.0,
          "min" : 0.0,
          "avg" : 0.0,
          "max" : 0.0
        },
        "forecasts" : {
          "forecasted_jobs" : 0,
          "total" : 0
        }
      }
    },
    "datafeeds" : {
      "_all" : {
        "count" : 0
      }
    },
    "data_frame_analytics_jobs" : {
      "memory_usage" : {
        "peak_usage_bytes" : {
          "total" : 0.0,
          "min" : 0.0,
          "avg" : 0.0,
          "max" : 0.0
        }
      },
      "_all" : {
        "count" : 0
      },
      "analysis_counts" : { }
    },
    "inference" : {
      "ingest_processors" : {
        "_all" : {
          "num_docs_processed" : {
            "max" : 0,
            "sum" : 0,
            "min" : 0
          },
          "pipelines" : {
            "count" : 0
          },
          "num_failures" : {
            "max" : 0,
            "sum" : 0,
            "min" : 0
          },
          "time_ms" : {
            "max" : 0,
            "sum" : 0,
            "min" : 0
          }
        }
      },
      "trained_models" : {
        "count" : {
          "total" : 1,
          "prepackaged" : 1,
          "other" : 0,
          "classification" : 0,
          "regression" : 0
        },
        "model_size_bytes" : {
          "total" : 0.0,
          "min" : 0.0,
          "avg" : 0.0,
          "max" : 0.0
        },
        "estimated_operations" : {
          "total" : 0.0,
          "min" : 0.0,
          "avg" : 0.0,
          "max" : 0.0
        },
        "estimated_heap_memory_usage_bytes" : {
          "total" : 0.0,
          "min" : 0.0,
          "avg" : 0.0,
          "max" : 0.0
        },
        "_all" : {
          "count" : 1
        }
      }
    },
    "node_count" : 0
  },
  "frozen_indices" : {
    "available" : true,
    "enabled" : true,
    "indices_count" : 0
  },
  "logstash" : {
    "available" : true,
    "enabled" : true
  },
  "ccr" : {
    "available" : false,
    "enabled" : true,
    "follower_indices_count" : 0,
    "auto_follow_patterns_count" : 0
  },
  "graph" : {
    "available" : false,
    "enabled" : true
  },
  "enrich" : {
    "available" : true,
    "enabled" : true
  },
  "transform" : {
    "available" : true,
    "enabled" : true,
    "transforms" : {
      "stopped" : 0,
      "started" : 2,
      "_all" : 2
    },
    "feature_counts" : {
      "pivot" : 1,
      "retention_policy" : 0,
      "sync" : 2,
      "latest" : 1
    },
    "stats" : {
      "pages_processed" : 2,
      "documents_processed" : 0,
      "documents_indexed" : 0,
      "documents_deleted" : 0,
      "trigger_count" : 2,
      "index_time_in_ms" : 0,
      "index_total" : 0,
      "index_failures" : 0,
      "search_time_in_ms" : 108,
      "search_total" : 2,
      "search_failures" : 0,
      "processing_time_in_ms" : 1,
      "processing_total" : 2,
      "delete_time_in_ms" : 0,
      "exponential_avg_checkpoint_duration_ms" : 291.0,
      "exponential_avg_documents_indexed" : 0.0,
      "exponential_avg_documents_processed" : 0.0
    }
  },
  "spatial" : {
    "available" : true,
    "enabled" : true
  },
  "rollup" : {
    "available" : true,
    "enabled" : true
  },
  "security" : {
    "available" : true,
    "enabled" : true,
    "realms" : {
      "file" : {
        "available" : true,
        "enabled" : false
      },
      "ldap" : {
        "available" : true,
        "enabled" : false
      },
      "native" : {
        "name" : [
          "local"
        ],
        "available" : true,
        "cache" : [
          {
            "size" : 0
          }
        ],
        "size" : [
          11
        ],
        "enabled" : true,
        "order" : [
          0
        ]
      },
      "saml" : {
        "available" : false,
        "enabled" : false
      },
      "kerberos" : {
        "available" : false,
        "enabled" : false
      },
      "oidc" : {
        "available" : false,
        "enabled" : false
      },
      "active_directory" : {
        "load_balance_type" : [
          "failover"
        ],
        "cache" : [
          {
            "size" : 0
          }
        ],
        "size" : [
          0
        ],
        "name" : [
          "vuw"
        ],
        "available" : true,
        "ssl" : [
          true
        ],
        "enabled" : true,
        "order" : [
          1
        ],
        "user_search" : [
          false
        ]
      },
      "pki" : {
        "available" : true,
        "enabled" : false
      }
    },
    "roles" : {
      "native" : {
        "size" : 16,
        "fls" : true,
        "dls" : false
      },
      "dls" : {
        "bit_set_cache" : {
          "count" : 0,
          "memory_in_bytes" : 0,
          "memory" : "0b"
        }
      },
      "file" : {
        "size" : 0,
        "fls" : false,
        "dls" : false
      }
    },
    "role_mapping" : {
      "native" : {
        "size" : 12,
        "enabled" : 6
      }
    },
    "ssl" : {
      "http" : {
        "enabled" : true
      },
      "transport" : {
        "enabled" : true
      }
    },
    "token_service" : {
      "enabled" : true
    },
    "api_key_service" : {
      "enabled" : true
    },
    "audit" : {
      "enabled" : false
    },
    "ipfilter" : {
      "http" : false,
      "transport" : false
    },
    "anonymous" : {
      "enabled" : false
    },
    "fips_140" : {
      "enabled" : false
    },
    "operator_privileges" : {
      "available" : false,
      "enabled" : false
    }
  },
  "searchable_snapshots" : {
    "available" : false,
    "enabled" : true,
    "indices_count" : 0,
    "full_copy_indices_count" : 0,
    "shared_cache_indices_count" : 0
  },
  "watcher" : {
    "available" : true,
    "enabled" : true,
    "count" : {
      "active" : 12,
      "total" : 12
    },
    "execution" : {
      "actions" : {
        "email" : {
          "total" : 134,
          "total_time_in_ms" : 264473
        },
        "_all" : {
          "total" : 12761,
          "total_time_in_ms" : 11122949
        },
        "webhook" : {
          "total" : 499,
          "total_time_in_ms" : 864583
        }
      }
    },
    "watch" : {
      "input" : {
        "search" : {
          "active" : 12,
          "total" : 12
        },
        "_all" : {
          "active" : 12,
          "total" : 12
        }
      },
      "action" : {
        "condition" : {
          "array_compare" : {
            "active" : 4,
            "total" : 4
          },
          "_all" : {
            "active" : 4,
            "total" : 4
          }
        },
        "webhook" : {
          "active" : 14,
          "total" : 14
        },
        "_all" : {
          "active" : 16,
          "total" : 16
        },
        "email" : {
          "active" : 2,
          "total" : 2
        }
      },
      "condition" : {
        "array_compare" : {
          "active" : 1,
          "total" : 1
        },
        "compare" : {
          "active" : 11,
          "total" : 11
        },
        "_all" : {
          "active" : 12,
          "total" : 12
        }
      },
      "metadata" : {
        "active" : 11,
        "total" : 11
      },
      "trigger" : {
        "schedule" : {
          "active" : 12,
          "total" : 12,
          "interval" : {
            "active" : 11,
            "total" : 11
          },
          "_all" : {
            "active" : 12,
            "total" : 12
          },
          "weekly" : {
            "active" : 1,
            "total" : 1
          }
        },
        "_all" : {
          "active" : 12,
          "total" : 12
        }
      }
    }
  },
  "ilm" : {
    "policy_count" : 40,
    "policy_stats" : [
      {
        "phases" : {
          "hot" : {
            "min_age" : 0,
            "actions" : [
              "rollover",
              "migrate"
            ],
            "configurations" : {
              "rollover" : {
                "max_size" : "50gb",
                "max_size_bytes" : 53687091200
              }
            }
          }
        },
        "indices_managed" : 1
      },
      {
        "phases" : {
          "hot" : {
            "min_age" : 0,
            "actions" : [
              "rollover",
              "migrate"
            ],
            "configurations" : {
              "rollover" : {
                "max_age" : "30d",
                "max_age_millis" : 2592000000,
                "max_size" : "50gb",
                "max_size_bytes" : 53687091200
              }
            }
          },
          "delete" : {
            "min_age" : 7776000000,
            "actions" : [
              "delete",
              "migrate"
            ],
            "configurations" : { }
          }
        },
        "indices_managed" : 8
      },
      {
        "phases" : {
          "hot" : {
            "min_age" : 0,
            "actions" : [
              "forcemerge",
              "rollover",
              "migrate"
            ],
            "configurations" : {
              "forcemerge" : {
                "max_num_segments" : 4
              },
              "rollover" : {
                "max_age" : "4d",
                "max_age_millis" : 345600000,
                "max_size" : "30gb",
                "max_size_bytes" : 32212254720
              }
            }
          },
          "delete" : {
            "min_age" : 1209600000,
            "actions" : [
              "delete",
              "migrate"
            ],
            "configurations" : { }
          },
          "warm" : {
            "min_age" : 345600000,
            "actions" : [
              "migrate"
            ],
            "configurations" : { }
          }
        },
        "indices_managed" : 0
      },
      {
        "phases" : {
          "hot" : {
            "min_age" : 0,
            "actions" : [
              "rollover",
              "migrate"
            ],
            "configurations" : {
              "rollover" : {
                "max_age" : "30d",
                "max_age_millis" : 2592000000,
                "max_size" : "50gb",
                "max_size_bytes" : 53687091200
              }
            }
          },
          "delete" : {
            "min_age" : 103680000000,
            "actions" : [
              "delete",
              "migrate"
            ],
            "configurations" : { }
          },
          "warm" : {
            "min_age" : 2592000000,
            "actions" : [
              "set_priority",
              "migrate"
            ],
            "configurations" : {
              "set_priority" : {
                "priority" : 50
              }
            }
          }
        },
        "indices_managed" : 29
      },
      {
        "phases" : {
          "warm" : {
            "min_age" : 345600000,
            "actions" : [
              "forcemerge",
              "set_priority",
              "migrate"
            ],
            "configurations" : {
              "forcemerge" : {
                "max_num_segments" : 1
              },
              "set_priority" : {
                "priority" : 80
              }
            }
          },
          "cold" : {
            "min_age" : 864000000,
            "actions" : [
              "allocate",
              "migrate",
              "set_priority"
            ],
            "configurations" : {
              "allocate" : {
                "number_of_replicas" : 0
              },
              "set_priority" : {
                "priority" : 0
              }
            }
          },
          "hot" : {
            "min_age" : 0,
            "actions" : [
              "forcemerge",
              "rollover",
              "set_priority",
              "migrate"
            ],
            "configurations" : {
              "forcemerge" : {
                "max_num_segments" : 4
              },
              "rollover" : {
                "max_age" : "4d",
                "max_age_millis" : 345600000,
                "max_primary_shard_size" : "30gb",
                "max_primary_shard_size_bytes" : 32212254720
              },
              "set_priority" : {
                "priority" : 100
              }
            }
          },
          "delete" : {
            "min_age" : 3024000000,
            "actions" : [
              "delete",
              "migrate"
            ],
            "configurations" : { }
          }
        },
        "indices_managed" : 581
      },
      {
        "phases" : {
          "warm" : {
            "min_age" : 864000000,
            "actions" : [
              "migrate"
            ],
            "configurations" : { }
          },
          "cold" : {
            "min_age" : 1814400000,
            "actions" : [
              "allocate",
              "migrate",
              "set_priority"
            ],
            "configurations" : {
              "allocate" : {
                "number_of_replicas" : 0
              },
              "set_priority" : {
                "priority" : 0
              }
            }
          },
          "hot" : {
            "min_age" : 0,
            "actions" : [
              "forcemerge",
              "rollover",
              "migrate"
            ],
            "configurations" : {
              "forcemerge" : {
                "max_num_segments" : 1
              },
              "rollover" : {
                "max_age" : "7d",
                "max_age_millis" : 604800000,
                "max_size" : "5gb",
                "max_size_bytes" : 5368709120,
                "max_primary_shard_size" : "10gb",
                "max_primary_shard_size_bytes" : 10737418240
              }
            }
          },
          "delete" : {
            "min_age" : 3024000000,
            "actions" : [
              "delete",
              "migrate"
            ],
            "configurations" : { }
          }
        },
        "indices_managed" : 12
      },
      {
        "phases" : {
          "hot" : {
            "min_age" : 0,
            "actions" : [
              "rollover",
              "migrate"
            ],
            "configurations" : {
              "rollover" : {
                "max_age" : "30d",
                "max_age_millis" : 2592000000,
                "max_primary_shard_size" : "50gb",
                "max_primary_shard_size_bytes" : 53687091200
              }
            }
          },
          "delete" : {
            "min_age" : 2592000000,
            "actions" : [
              "delete",
              "migrate"
            ],
            "configurations" : { }
          },
          "warm" : {
            "min_age" : 172800000,
            "actions" : [
              "forcemerge",
              "shrink",
              "migrate"
            ],
            "configurations" : {
              "forcemerge" : {
                "max_num_segments" : 1
              },
              "shrink" : {
                "number_of_shards" : 1
              }
            }
          }
        },
        "indices_managed" : 0
      },
      {
        "phases" : {
          "hot" : {
            "min_age" : 0,
            "actions" : [
              "forcemerge",
              "rollover",
              "set_priority",
              "migrate"
            ],
            "configurations" : {
              "forcemerge" : {
                "max_num_segments" : 4
              },
              "rollover" : {
                "max_age" : "4d",
                "max_age_millis" : 345600000,
                "max_primary_shard_size" : "30gb",
                "max_primary_shard_size_bytes" : 32212254720
              },
              "set_priority" : {
                "priority" : 100
              }
            }
          },
          "delete" : {
            "min_age" : 604800000,
            "actions" : [
              "delete",
              "migrate"
            ],
            "configurations" : { }
          },
          "warm" : {
            "min_age" : 345600000,
            "actions" : [
              "forcemerge",
              "migrate"
            ],
            "configurations" : {
              "forcemerge" : {
                "max_num_segments" : 1
              }
            }
          }
        },
        "indices_managed" : 84
      },
      {
        "phases" : {
          "delete" : {
            "min_age" : 604800000,
            "actions" : [
              "delete",
              "migrate"
            ],
            "configurations" : { }
          }
        },
        "indices_managed" : 7
      },
      {
        "phases" : {
          "hot" : {
            "min_age" : 0,
            "actions" : [
              "rollover",
              "migrate"
            ],
            "configurations" : {
              "rollover" : {
                "max_age" : "30d",
                "max_age_millis" : 2592000000,
                "max_size" : "50gb",
                "max_size_bytes" : 53687091200
              }
            }
          },
          "delete" : {
            "min_age" : 7776000000,
            "actions" : [
              "delete",
              "migrate"
            ],
            "configurations" : { }
          }
        },
        "indices_managed" : 8
      },
      {
        "phases" : {
          "hot" : {
            "min_age" : 0,
            "actions" : [
              "forcemerge",
              "rollover",
              "set_priority",
              "migrate"
            ],
            "configurations" : {
              "forcemerge" : {
                "max_num_segments" : 1
              },
              "rollover" : {
                "max_age" : "30d",
                "max_age_millis" : 2592000000,
                "max_size" : "30gb",
                "max_size_bytes" : 32212254720
              },
              "set_priority" : {
                "priority" : 100
              }
            }
          },
          "delete" : {
            "min_age" : 31536000000,
            "actions" : [
              "migrate"
            ],
            "configurations" : { }
          }
        },
        "indices_managed" : 23
      },
      {
        "phases" : {
          "hot" : {
            "min_age" : 0,
            "actions" : [
              "forcemerge",
              "rollover",
              "migrate"
            ],
            "configurations" : {
              "forcemerge" : {
                "max_num_segments" : 4
              },
              "rollover" : {
                "max_age" : "6d",
                "max_age_millis" : 518400000,
                "max_size" : "30gb",
                "max_size_bytes" : 32212254720
              }
            }
          },
          "delete" : {
            "min_age" : 1209600000,
            "actions" : [
              "delete",
              "migrate"
            ],
            "configurations" : { }
          },
          "warm" : {
            "min_age" : 518400000,
            "actions" : [
              "migrate"
            ],
            "configurations" : { }
          }
        },
        "indices_managed" : 0
      },
      {
        "phases" : {
          "hot" : {
            "min_age" : 0,
            "actions" : [
              "forcemerge",
              "rollover",
              "set_priority",
              "migrate"
            ],
            "configurations" : {
              "forcemerge" : {
                "max_num_segments" : 1
              },
              "rollover" : {
                "max_age" : "30d",
                "max_age_millis" : 2592000000,
                "max_size" : "10gb",
                "max_size_bytes" : 10737418240
              },
              "set_priority" : {
                "priority" : 100
              }
            }
          },
          "delete" : {
            "min_age" : 86400000000,
            "actions" : [
              "delete",
              "migrate"
            ],
            "configurations" : { }
          },
          "warm" : {
            "min_age" : 2592000000,
            "actions" : [
              "set_priority",
              "migrate"
            ],
            "configurations" : {
              "set_priority" : {
                "priority" : 50
              }
            }
          }
        },
        "indices_managed" : 25
      },
      {
        "phases" : {
          "warm" : {
            "min_age" : 345600000,
            "actions" : [
              "forcemerge",
              "migrate"
            ],
            "configurations" : {
              "forcemerge" : {
                "max_num_segments" : 1
              }
            }
          },
          "cold" : {
            "min_age" : 864000000,
            "actions" : [
              "allocate",
              "migrate",
              "set_priority"
            ],
            "configurations" : {
              "allocate" : {
                "number_of_replicas" : 0
              },
              "set_priority" : {
                "priority" : 0
              }
            }
          },
          "hot" : {
            "min_age" : 0,
            "actions" : [
              "forcemerge",
              "rollover",
              "migrate"
            ],
            "configurations" : {
              "forcemerge" : {
                "max_num_segments" : 4
              },
              "rollover" : {
                "max_age" : "4d",
                "max_age_millis" : 345600000,
                "max_size" : "30gb",
                "max_size_bytes" : 32212254720,
                "max_primary_shard_size" : "30gb",
                "max_primary_shard_size_bytes" : 32212254720
              }
            }
          },
          "delete" : {
            "min_age" : 3024000000,
            "actions" : [
              "delete",
              "migrate"
            ],
            "configurations" : { }
          }
        },
        "indices_managed" : 95
      },
      {
        "phases" : {
          "hot" : {
            "min_age" : 0,
            "actions" : [
              "rollover",
              "migrate"
            ],
            "configurations" : {
              "rollover" : {
                "max_size" : "50gb",
                "max_size_bytes" : 53687091200
              }
            }
          }
        },
        "indices_managed" : 1
      },
      {
        "phases" : {
          "hot" : {
            "min_age" : 0,
            "actions" : [
              "forcemerge",
              "rollover",
              "migrate"
            ],
            "configurations" : {
              "forcemerge" : {
                "max_num_segments" : 4
              },
              "rollover" : {
                "max_age" : "4d",
                "max_age_millis" : 345600000,
                "max_size" : "60gb",
                "max_size_bytes" : 64424509440
              }
            }
          },
          "delete" : {
            "min_age" : 1209600000,
            "actions" : [
              "delete",
              "migrate"
            ],
            "configurations" : { }
          },
          "warm" : {
            "min_age" : 345600000,
            "actions" : [
              "migrate"
            ],
            "configurations" : { }
          }
        },
        "indices_managed" : 0
      },
      {
        "phases" : {
          "hot" : {
            "min_age" : 0,
            "actions" : [
              "rollover",
              "migrate"
            ],
            "configurations" : {
              "rollover" : {
                "max_age" : "14d",
                "max_age_millis" : 1209600000,
                "max_primary_shard_size" : "10gb",
                "max_primary_shard_size_bytes" : 10737418240
              }
            }
          }
        },
        "indices_managed" : 20
      },
      {
        "phases" : {
          "hot" : {
            "min_age" : 0,
            "actions" : [
              "rollover",
              "migrate"
            ],
            "configurations" : {
              "rollover" : {
                "max_size" : "50gb",
                "max_size_bytes" : 53687091200
              }
            }
          }
        },
        "indices_managed" : 0
      },
      {
        "phases" : {
          "warm" : {
            "min_age" : 345600000,
            "actions" : [
              "migrate"
            ],
            "configurations" : { }
          },
          "cold" : {
            "min_age" : 1209600000,
            "actions" : [
              "allocate",
              "migrate",
              "set_priority"
            ],
            "configurations" : {
              "allocate" : {
                "number_of_replicas" : 0
              },
              "set_priority" : {
                "priority" : 0
              }
            }
          },
          "hot" : {
            "min_age" : 0,
            "actions" : [
              "forcemerge",
              "rollover",
              "migrate"
            ],
            "configurations" : {
              "forcemerge" : {
                "max_num_segments" : 4
              },
              "rollover" : {
                "max_age" : "4d",
                "max_age_millis" : 345600000,
                "max_size" : "60gb",
                "max_size_bytes" : 64424509440,
                "max_primary_shard_size" : "30gb",
                "max_primary_shard_size_bytes" : 32212254720
              }
            }
          },
          "delete" : {
            "min_age" : 3024000000,
            "actions" : [
              "delete",
              "migrate"
            ],
            "configurations" : { }
          }
        },
        "indices_managed" : 952
      },
      {
        "phases" : {
          "warm" : {
            "min_age" : 172800000,
            "actions" : [
              "forcemerge",
              "shrink",
              "migrate"
            ],
            "configurations" : {
              "forcemerge" : {
                "max_num_segments" : 1
              },
              "shrink" : {
                "number_of_shards" : 1
              }
            }
          },
          "cold" : {
            "min_age" : 2592000000,
            "actions" : [
              "migrate"
            ],
            "configurations" : { }
          },
          "hot" : {
            "min_age" : 0,
            "actions" : [
              "rollover",
              "migrate"
            ],
            "configurations" : {
              "rollover" : {
                "max_age" : "30d",
                "max_age_millis" : 2592000000,
                "max_primary_shard_size" : "50gb",
                "max_primary_shard_size_bytes" : 53687091200
              }
            }
          },
          "delete" : {
            "min_age" : 15552000000,
            "actions" : [
              "delete",
              "migrate"
            ],
            "configurations" : { }
          }
        },
        "indices_managed" : 0
      },
      {
        "phases" : {
          "hot" : {
            "min_age" : 0,
            "actions" : [
              "rollover",
              "migrate"
            ],
            "configurations" : {
              "rollover" : {
                "max_age" : "30d",
                "max_age_millis" : 2592000000,
                "max_size" : "50gb",
                "max_size_bytes" : 53687091200
              }
            }
          }
        },
        "indices_managed" : 0
      },
      {
        "phases" : {
          "warm" : {
            "min_age" : 172800000,
            "actions" : [
              "forcemerge",
              "shrink",
              "migrate"
            ],
            "configurations" : {
              "forcemerge" : {
                "max_num_segments" : 1
              },
              "shrink" : {
                "number_of_shards" : 1
              }
            }
          },
          "cold" : {
            "min_age" : 2592000000,
            "actions" : [
              "migrate"
            ],
            "configurations" : { }
          },
          "hot" : {
            "min_age" : 0,
            "actions" : [
              "rollover",
              "migrate"
            ],
            "configurations" : {
              "rollover" : {
                "max_age" : "30d",
                "max_age_millis" : 2592000000,
                "max_primary_shard_size" : "50gb",
                "max_primary_shard_size_bytes" : 53687091200
              }
            }
          },
          "delete" : {
            "min_age" : 7776000000,
            "actions" : [
              "delete",
              "migrate"
            ],
            "configurations" : { }
          }
        },
        "indices_managed" : 0
      },
      {
        "phases" : {
          "hot" : {
            "min_age" : 0,
            "actions" : [
              "forcemerge",
              "rollover",
              "migrate"
            ],
            "configurations" : {
              "forcemerge" : {
                "max_num_segments" : 4
              },
              "rollover" : {
                "max_age" : "4d",
                "max_age_millis" : 345600000,
                "max_size" : "60gb",
                "max_size_bytes" : 64424509440
              }
            }
          },
          "delete" : {
            "min_age" : 1209600000,
            "actions" : [
              "delete",
              "migrate"
            ],
            "configurations" : { }
          },
          "warm" : {
            "min_age" : 345600000,
            "actions" : [
              "migrate"
            ],
            "configurations" : { }
          }
        },
        "indices_managed" : 0
      },
      {
        "phases" : {
          "hot" : {
            "min_age" : 0,
            "actions" : [
              "rollover",
              "migrate"
            ],
            "configurations" : {
              "rollover" : {
                "max_age" : "30d",
                "max_age_millis" : 2592000000,
                "max_size" : "50gb",
                "max_size_bytes" : 53687091200
              }
            }
          }
        },
        "indices_managed" : 0
      },
      {
        "phases" : {
          "hot" : {
            "min_age" : 0,
            "actions" : [
              "rollover",
              "migrate"
            ],
            "configurations" : {
              "rollover" : {
                "max_age" : "30d",
                "max_age_millis" : 2592000000,
                "max_size" : "50gb",
                "max_size_bytes" : 53687091200
              }
            }
          },
          "delete" : {
            "min_age" : 95040000000,
            "actions" : [
              "delete",
              "migrate"
            ],
            "configurations" : { }
          },
          "warm" : {
            "min_age" : 2592000000,
            "actions" : [
              "forcemerge",
              "set_priority",
              "migrate"
            ],
            "configurations" : {
              "forcemerge" : {
                "max_num_segments" : 4
              },
              "set_priority" : {
                "priority" : 50
              }
            }
          }
        },
        "indices_managed" : 29
      },
      {
        "phases" : {
          "hot" : {
            "min_age" : 0,
            "actions" : [
              "rollover",
              "migrate"
            ],
            "configurations" : {
              "rollover" : {
                "max_age" : "30d",
                "max_age_millis" : 2592000000,
                "max_size" : "50gb",
                "max_size_bytes" : 53687091200
              }
            }
          },
          "delete" : {
            "min_age" : 7776000000,
            "actions" : [
              "delete",
              "migrate"
            ],
            "configurations" : { }
          }
        },
        "indices_managed" : 4
      },
      {
        "phases" : {
          "hot" : {
            "min_age" : 0,
            "actions" : [
              "migrate"
            ],
            "configurations" : { }
          }
        },
        "indices_managed" : 5
      },
      {
        "phases" : {
          "hot" : {
            "min_age" : 0,
            "actions" : [
              "rollover",
              "migrate"
            ],
            "configurations" : {
              "rollover" : {
                "max_age" : "30d",
                "max_age_millis" : 2592000000,
                "max_primary_shard_size" : "50gb",
                "max_primary_shard_size_bytes" : 53687091200
              }
            }
          }
        },
        "indices_managed" : 30
      },
      {
        "phases" : {
          "warm" : {
            "min_age" : 345600000,
            "actions" : [
              "migrate"
            ],
            "configurations" : { }
          },
          "cold" : {
            "min_age" : 1209600000,
            "actions" : [
              "allocate",
              "migrate",
              "set_priority"
            ],
            "configurations" : {
              "allocate" : {
                "number_of_replicas" : 0
              },
              "set_priority" : {
                "priority" : 0
              }
            }
          },
          "hot" : {
            "min_age" : 0,
            "actions" : [
              "forcemerge",
              "rollover",
              "migrate"
            ],
            "configurations" : {
              "forcemerge" : {
                "max_num_segments" : 4
              },
              "rollover" : {
                "max_age" : "4d",
                "max_age_millis" : 345600000,
                "max_size" : "15gb",
                "max_size_bytes" : 16106127360,
                "max_primary_shard_size" : "15gb",
                "max_primary_shard_size_bytes" : 16106127360
              }
            }
          },
          "delete" : {
            "min_age" : 1814400000,
            "actions" : [
              "delete",
              "migrate"
            ],
            "configurations" : { }
          }
        },
        "indices_managed" : 156
      },
      {
        "phases" : {
          "hot" : {
            "min_age" : 0,
            "actions" : [
              "rollover",
              "set_priority",
              "migrate"
            ],
            "configurations" : {
              "rollover" : {
                "max_age" : "4d",
                "max_age_millis" : 345600000,
                "max_size" : "50gb",
                "max_size_bytes" : 53687091200
              }
            }
          },
          "delete" : {
            "min_age" : 604800000,
            "actions" : [
              "delete",
              "migrate"
            ],
            "configurations" : { }
          }
        },
        "indices_managed" : 0
      },
      {
        "phases" : {
          "hot" : {
            "min_age" : 0,
            "actions" : [
              "rollover",
              "migrate"
            ],
            "configurations" : {
              "rollover" : {
                "max_age" : "7d",
                "max_age_millis" : 604800000,
                "max_docs" : 10000,
                "max_size" : "1gb",
                "max_size_bytes" : 1073741824
              }
            }
          },
          "delete" : {
            "min_age" : 600000,
            "actions" : [
              "delete",
              "migrate"
            ],
            "configurations" : { }
          }
        },
        "indices_managed" : 0
      },
      {
        "phases" : {
          "hot" : {
            "min_age" : 0,
            "actions" : [
              "rollover",
              "migrate"
            ],
            "configurations" : {
              "rollover" : {
                "max_age" : "30d",
                "max_age_millis" : 2592000000,
                "max_size" : "300gb",
                "max_size_bytes" : 322122547200
              }
            }
          },
          "delete" : {
            "min_age" : 7776000000,
            "actions" : [
              "delete",
              "migrate"
            ],
            "configurations" : { }
          }
        },
        "indices_managed" : 0
      },
      {
        "phases" : {
          "hot" : {
            "min_age" : 0,
            "actions" : [
              "rollover",
              "migrate"
            ],
            "configurations" : {
              "rollover" : {
                "max_age" : "30d",
                "max_age_millis" : 2592000000,
                "max_size" : "50gb",
                "max_size_bytes" : 53687091200
              }
            }
          },
          "delete" : {
            "min_age" : 2592000000,
            "actions" : [
              "delete",
              "migrate"
            ],
            "configurations" : { }
          }
        },
        "indices_managed" : 0
      },
      {
        "phases" : {
          "warm" : {
            "min_age" : 172800000,
            "actions" : [
              "forcemerge",
              "shrink",
              "migrate"
            ],
            "configurations" : {
              "forcemerge" : {
                "max_num_segments" : 1
              },
              "shrink" : {
                "number_of_shards" : 1
              }
            }
          },
          "cold" : {
            "min_age" : 2592000000,
            "actions" : [
              "migrate"
            ],
            "configurations" : { }
          },
          "hot" : {
            "min_age" : 0,
            "actions" : [
              "rollover",
              "migrate"
            ],
            "configurations" : {
              "rollover" : {
                "max_age" : "30d",
                "max_age_millis" : 2592000000,
                "max_primary_shard_size" : "50gb",
                "max_primary_shard_size_bytes" : 53687091200
              }
            }
          },
          "delete" : {
            "min_age" : 31536000000,
            "actions" : [
              "delete",
              "migrate"
            ],
            "configurations" : { }
          }
        },
        "indices_managed" : 0
      },
      {
        "phases" : {
          "hot" : {
            "min_age" : 0,
            "actions" : [
              "rollover",
              "migrate"
            ],
            "configurations" : {
              "rollover" : {
                "max_age" : "7d",
                "max_age_millis" : 604800000,
                "max_primary_shard_size" : "50gb",
                "max_primary_shard_size_bytes" : 53687091200
              }
            }
          },
          "delete" : {
            "min_age" : 604800000,
            "actions" : [
              "delete",
              "migrate"
            ],
            "configurations" : { }
          },
          "warm" : {
            "min_age" : 172800000,
            "actions" : [
              "forcemerge",
              "shrink",
              "migrate"
            ],
            "configurations" : {
              "forcemerge" : {
                "max_num_segments" : 1
              },
              "shrink" : {
                "number_of_shards" : 1
              }
            }
          }
        },
        "indices_managed" : 0
      },
      {
        "phases" : {
          "hot" : {
            "min_age" : 0,
            "actions" : [
              "rollover",
              "set_priority",
              "migrate"
            ],
            "configurations" : {
              "rollover" : {
                "max_age" : "4d",
                "max_age_millis" : 345600000,
                "max_size" : "50gb",
                "max_size_bytes" : 53687091200
              }
            }
          },
          "delete" : {
            "min_age" : 604800000,
            "actions" : [
              "delete",
              "migrate"
            ],
            "configurations" : { }
          }
        },
        "indices_managed" : 0
      },
      {
        "phases" : {
          "hot" : {
            "min_age" : 0,
            "actions" : [
              "rollover",
              "migrate"
            ],
            "configurations" : {
              "rollover" : {
                "max_age" : "30d",
                "max_age_millis" : 2592000000,
                "max_size" : "50gb",
                "max_size_bytes" : 53687091200
              }
            }
          },
          "delete" : {
            "min_age" : 2592000000,
            "actions" : [
              "delete",
              "migrate"
            ],
            "configurations" : { }
          }
        },
        "indices_managed" : 0
      },
      {
        "phases" : {
          "hot" : {
            "min_age" : 0,
            "actions" : [
              "rollover",
              "migrate"
            ],
            "configurations" : {
              "rollover" : {
                "max_size" : "50gb",
                "max_size_bytes" : 53687091200
              }
            }
          }
        },
        "indices_managed" : 1
      },
      {
        "phases" : {
          "hot" : {
            "min_age" : 0,
            "actions" : [
              "rollover",
              "migrate"
            ],
            "configurations" : {
              "rollover" : {
                "max_age" : "30d",
                "max_age_millis" : 2592000000,
                "max_size" : "50gb",
                "max_size_bytes" : 53687091200
              }
            }
          }
        },
        "indices_managed" : 0
      },
      {
        "phases" : {
          "hot" : {
            "min_age" : 0,
            "actions" : [
              "rollover",
              "migrate"
            ],
            "configurations" : {
              "rollover" : {
                "max_size" : "50gb",
                "max_size_bytes" : 53687091200
              }
            }
          }
        },
        "indices_managed" : 1
      }
    ]
  },
  "slm" : {
    "available" : true,
    "enabled" : true,
    "policy_count" : 1,
    "policy_stats" : {
      "retention_runs" : 699,
      "retention_failed" : 4,
      "retention_timed_out" : 54,
      "retention_deletion_time" : "10.7d",
      "retention_deletion_time_millis" : 929667481,
      "total_snapshots_taken" : 749,
      "total_snapshots_failed" : 6,
      "total_snapshots_deleted" : 616,
      "total_snapshot_deletion_failures" : 0,
      "policy_stats" : [
        {
          "policy" : "daily-snapshots",
          "snapshots_taken" : 749,
          "snapshots_failed" : 6,
          "snapshots_deleted" : 616,
          "snapshot_deletion_failures" : 0
        }
      ]
    }
  },
  "voting_only" : {
    "available" : true,
    "enabled" : true
  },
  "data_streams" : {
    "available" : true,
    "enabled" : true,
    "data_streams" : 3,
    "indices_count" : 28
  },
  "aggregate_metric" : {
    "available" : true,
    "enabled" : true
  },
  "sql" : {
    "available" : true,
    "enabled" : true,
    "features" : {
      "having" : 0,
      "subselect" : 0,
      "limit" : 0,
      "orderby" : 0,
      "where" : 0,
      "groupby" : 0,
      "join" : 0,
      "local" : 0,
      "command" : 0
    },
    "queries" : {
      "rest" : {
        "total" : 0,
        "paging" : 0,
        "failed" : 0
      },
      "cli" : {
        "total" : 0,
        "paging" : 0,
        "failed" : 0
      },
      "canvas" : {
        "total" : 0,
        "paging" : 0,
        "failed" : 0
      },
      "odbc" : {
        "total" : 0,
        "paging" : 0,
        "failed" : 0
      },
      "jdbc" : {
        "total" : 0,
        "paging" : 0,
        "failed" : 0
      },
      "odbc32" : {
        "total" : 0,
        "paging" : 0,
        "failed" : 0
      },
      "odbc64" : {
        "total" : 0,
        "paging" : 0,
        "failed" : 0
      },
      "translate" : {
        "count" : 0
      },
      "_all" : {
        "total" : 0,
        "paging" : 0,
        "failed" : 0
      }
    }
  },
  "eql" : {
    "available" : true,
    "enabled" : true,
    "features" : {
      "joins" : {
        "join_queries_three" : 0,
        "join_queries_two" : 0,
        "join_queries_five_or_more" : 0,
        "join_until" : 0,
        "join_queries_four" : 0
      },
      "sequence" : 261846,
      "keys" : {
        "join_keys_two" : 111092,
        "join_keys_three" : 6264,
        "join_keys_five_or_more" : 0,
        "join_keys_one" : 144490,
        "join_keys_four" : 0
      },
      "join" : 0,
      "sequences" : {
        "sequence_queries_three" : 16897,
        "sequence_queries_two" : 244949,
        "sequence_queries_four" : 0,
        "sequence_until" : 0,
        "sequence_maxspan" : 187794,
        "sequence_queries_five_or_more" : 0
      },
      "event" : 868694,
      "pipes" : {
        "pipe_tail" : 1130540,
        "pipe_head" : 0
      }
    },
    "queries" : {
      "all" : {
        "total" : 1387270,
        "failed" : 265462
      },
      "_all" : {
        "total" : 1387270,
        "failed" : 265462
      }
    }
  }
}
