{
  "stats" : {
    "successful_downloads" : 30,
    "failed_downloads" : 0,
    "total_download_time" : 73318,
    "databases_count" : 3,
    "skipped_updates" : 3,
    "expired_databases" : 0
  },
  "nodes" : {
    "JVrQ5SWqS-2GOoknBTKHBg" : {
      "databases" : [
        {
          "name" : "GeoLite2-Country.mmdb"
        },
        {
          "name" : "GeoLite2-City.mmdb"
        },
        {
          "name" : "GeoLite2-ASN.mmdb"
        }
      ],
      "files_in_temp" : [
        "GeoLite2-ASN.mmdb_elastic-geoip-database-service-agreement-LICENSE.txt",
        "GeoLite2-ASN.mmdb_LICENSE.txt",
        "GeoLite2-City.mmdb_LICENSE.txt",
        "GeoLite2-Country.mmdb_elastic-geoip-database-service-agreement-LICENSE.txt",
        "GeoLite2-ASN.mmdb",
        "GeoLite2-City.mmdb_COPYRIGHT.txt",
        "GeoLite2-City.mmdb",
        "GeoLite2-City.mmdb_elastic-geoip-database-service-agreement-LICENSE.txt",
        "GeoLite2-Country.mmdb_LICENSE.txt",
        "GeoLite2-Country.mmdb",
        "GeoLite2-ASN.mmdb_COPYRIGHT.txt",
        "GeoLite2-Country.mmdb_COPYRIGHT.txt",
        "GeoLite2-City.mmdb_README.txt"
      ]
    },
    "nJibeFaKTF6Ru_nMJTJS0g" : {
      "databases" : [
        {
          "name" : "GeoLite2-Country.mmdb"
        },
        {
          "name" : "GeoLite2-City.mmdb"
        },
        {
          "name" : "GeoLite2-ASN.mmdb"
        }
      ],
      "files_in_temp" : [
        "GeoLite2-ASN.mmdb_elastic-geoip-database-service-agreement-LICENSE.txt",
        "GeoLite2-ASN.mmdb_LICENSE.txt",
        "GeoLite2-City.mmdb_LICENSE.txt",
        "GeoLite2-Country.mmdb_elastic-geoip-database-service-agreement-LICENSE.txt",
        "GeoLite2-ASN.mmdb",
        "GeoLite2-City.mmdb_COPYRIGHT.txt",
        "GeoLite2-City.mmdb",
        "GeoLite2-City.mmdb_elastic-geoip-database-service-agreement-LICENSE.txt",
        "GeoLite2-Country.mmdb_LICENSE.txt",
        "GeoLite2-Country.mmdb",
        "GeoLite2-ASN.mmdb_COPYRIGHT.txt",
        "GeoLite2-Country.mmdb_COPYRIGHT.txt",
        "GeoLite2-City.mmdb_README.txt"
      ]
    },
    "EoYHAAyERVSOs3apsZ_ASQ" : {
      "databases" : [
        {
          "name" : "GeoLite2-Country.mmdb"
        },
        {
          "name" : "GeoLite2-City.mmdb"
        },
        {
          "name" : "GeoLite2-ASN.mmdb"
        }
      ],
      "files_in_temp" : [
        "GeoLite2-ASN.mmdb_elastic-geoip-database-service-agreement-LICENSE.txt",
        "GeoLite2-ASN.mmdb_LICENSE.txt",
        "GeoLite2-City.mmdb_LICENSE.txt",
        "GeoLite2-Country.mmdb_elastic-geoip-database-service-agreement-LICENSE.txt",
        "GeoLite2-ASN.mmdb",
        "GeoLite2-City.mmdb_COPYRIGHT.txt",
        "GeoLite2-City.mmdb",
        "GeoLite2-City.mmdb_elastic-geoip-database-service-agreement-LICENSE.txt",
        "GeoLite2-Country.mmdb_LICENSE.txt",
        "GeoLite2-Country.mmdb",
        "GeoLite2-ASN.mmdb_COPYRIGHT.txt",
        "GeoLite2-Country.mmdb_COPYRIGHT.txt",
        "GeoLite2-City.mmdb_README.txt"
      ]
    },
    "OOy4702iT2GHOGbZsmDKrg" : {
      "databases" : [
        {
          "name" : "GeoLite2-Country.mmdb"
        },
        {
          "name" : "GeoLite2-City.mmdb"
        },
        {
          "name" : "GeoLite2-ASN.mmdb"
        }
      ],
      "files_in_temp" : [
        "GeoLite2-ASN.mmdb_elastic-geoip-database-service-agreement-LICENSE.txt",
        "GeoLite2-ASN.mmdb_LICENSE.txt",
        "GeoLite2-City.mmdb_LICENSE.txt",
        "GeoLite2-Country.mmdb_elastic-geoip-database-service-agreement-LICENSE.txt",
        "GeoLite2-ASN.mmdb",
        "GeoLite2-City.mmdb_COPYRIGHT.txt",
        "GeoLite2-City.mmdb",
        "GeoLite2-City.mmdb_elastic-geoip-database-service-agreement-LICENSE.txt",
        "GeoLite2-Country.mmdb_LICENSE.txt",
        "GeoLite2-Country.mmdb",
        "GeoLite2-ASN.mmdb_COPYRIGHT.txt",
        "GeoLite2-Country.mmdb_COPYRIGHT.txt",
        "GeoLite2-City.mmdb_README.txt"
      ]
    },
    "XMDMZHGQTs6u3_yxhI4oMg" : {
      "databases" : [
        {
          "name" : "GeoLite2-Country.mmdb"
        },
        {
          "name" : "GeoLite2-City.mmdb"
        },
        {
          "name" : "GeoLite2-ASN.mmdb"
        }
      ],
      "files_in_temp" : [
        "GeoLite2-ASN.mmdb_elastic-geoip-database-service-agreement-LICENSE.txt",
        "GeoLite2-ASN.mmdb_LICENSE.txt",
        "GeoLite2-City.mmdb_LICENSE.txt",
        "GeoLite2-Country.mmdb_elastic-geoip-database-service-agreement-LICENSE.txt",
        "GeoLite2-ASN.mmdb",
        "GeoLite2-City.mmdb_COPYRIGHT.txt",
        "GeoLite2-City.mmdb",
        "GeoLite2-City.mmdb_elastic-geoip-database-service-agreement-LICENSE.txt",
        "GeoLite2-Country.mmdb_LICENSE.txt",
        "GeoLite2-Country.mmdb",
        "GeoLite2-ASN.mmdb_COPYRIGHT.txt",
        "GeoLite2-Country.mmdb_COPYRIGHT.txt",
        "GeoLite2-City.mmdb_README.txt"
      ]
    },
    "hPm4-1ETQ2CJGYbkG17MBg" : {
      "databases" : [
        {
          "name" : "GeoLite2-Country.mmdb"
        },
        {
          "name" : "GeoLite2-City.mmdb"
        },
        {
          "name" : "GeoLite2-ASN.mmdb"
        }
      ],
      "files_in_temp" : [
        "GeoLite2-ASN.mmdb_elastic-geoip-database-service-agreement-LICENSE.txt",
        "GeoLite2-ASN.mmdb_LICENSE.txt",
        "GeoLite2-City.mmdb_LICENSE.txt",
        "GeoLite2-Country.mmdb_elastic-geoip-database-service-agreement-LICENSE.txt",
        "GeoLite2-ASN.mmdb",
        "GeoLite2-City.mmdb_COPYRIGHT.txt",
        "GeoLite2-City.mmdb",
        "GeoLite2-City.mmdb_elastic-geoip-database-service-agreement-LICENSE.txt",
        "GeoLite2-Country.mmdb_LICENSE.txt",
        "GeoLite2-Country.mmdb",
        "GeoLite2-ASN.mmdb_COPYRIGHT.txt",
        "GeoLite2-Country.mmdb_COPYRIGHT.txt",
        "GeoLite2-City.mmdb_README.txt"
      ]
    },
    "j2hnKlBpSgOe8Qry5-e_TA" : {
      "databases" : [
        {
          "name" : "GeoLite2-Country.mmdb"
        },
        {
          "name" : "GeoLite2-City.mmdb"
        },
        {
          "name" : "GeoLite2-ASN.mmdb"
        }
      ],
      "files_in_temp" : [
        "GeoLite2-ASN.mmdb_elastic-geoip-database-service-agreement-LICENSE.txt",
        "GeoLite2-ASN.mmdb_LICENSE.txt",
        "GeoLite2-City.mmdb_LICENSE.txt",
        "GeoLite2-Country.mmdb_elastic-geoip-database-service-agreement-LICENSE.txt",
        "GeoLite2-ASN.mmdb",
        "GeoLite2-City.mmdb_COPYRIGHT.txt",
        "GeoLite2-City.mmdb",
        "GeoLite2-City.mmdb_elastic-geoip-database-service-agreement-LICENSE.txt",
        "GeoLite2-Country.mmdb_LICENSE.txt",
        "GeoLite2-Country.mmdb",
        "GeoLite2-ASN.mmdb_COPYRIGHT.txt",
        "GeoLite2-Country.mmdb_COPYRIGHT.txt",
        "GeoLite2-City.mmdb_README.txt"
      ]
    },
    "UEw5FlpCQ2K9AsvLpKfGJA" : {
      "databases" : [
        {
          "name" : "GeoLite2-Country.mmdb"
        },
        {
          "name" : "GeoLite2-City.mmdb"
        },
        {
          "name" : "GeoLite2-ASN.mmdb"
        }
      ],
      "files_in_temp" : [
        "GeoLite2-ASN.mmdb_elastic-geoip-database-service-agreement-LICENSE.txt",
        "GeoLite2-ASN.mmdb_LICENSE.txt",
        "GeoLite2-City.mmdb_LICENSE.txt",
        "GeoLite2-Country.mmdb_elastic-geoip-database-service-agreement-LICENSE.txt",
        "GeoLite2-ASN.mmdb",
        "GeoLite2-City.mmdb_COPYRIGHT.txt",
        "GeoLite2-City.mmdb",
        "GeoLite2-City.mmdb_elastic-geoip-database-service-agreement-LICENSE.txt",
        "GeoLite2-Country.mmdb_LICENSE.txt",
        "GeoLite2-Country.mmdb",
        "GeoLite2-ASN.mmdb_COPYRIGHT.txt",
        "GeoLite2-Country.mmdb_COPYRIGHT.txt",
        "GeoLite2-City.mmdb_README.txt"
      ]
    },
    "E-48SNptSr6UZULEQpyXWA" : {
      "databases" : [
        {
          "name" : "GeoLite2-Country.mmdb"
        },
        {
          "name" : "GeoLite2-City.mmdb"
        },
        {
          "name" : "GeoLite2-ASN.mmdb"
        }
      ],
      "files_in_temp" : [
        "GeoLite2-ASN.mmdb_elastic-geoip-database-service-agreement-LICENSE.txt",
        "GeoLite2-ASN.mmdb_LICENSE.txt",
        "GeoLite2-City.mmdb_LICENSE.txt",
        "GeoLite2-Country.mmdb_elastic-geoip-database-service-agreement-LICENSE.txt",
        "GeoLite2-ASN.mmdb",
        "GeoLite2-City.mmdb_COPYRIGHT.txt",
        "GeoLite2-City.mmdb",
        "GeoLite2-City.mmdb_elastic-geoip-database-service-agreement-LICENSE.txt",
        "GeoLite2-Country.mmdb_LICENSE.txt",
        "GeoLite2-Country.mmdb",
        "GeoLite2-ASN.mmdb_COPYRIGHT.txt",
        "GeoLite2-Country.mmdb_COPYRIGHT.txt",
        "GeoLite2-City.mmdb_README.txt"
      ]
    },
    "UgeYqqjDQ3GEpZRzlylbUg" : {
      "databases" : [
        {
          "name" : "GeoLite2-Country.mmdb"
        },
        {
          "name" : "GeoLite2-City.mmdb"
        },
        {
          "name" : "GeoLite2-ASN.mmdb"
        }
      ],
      "files_in_temp" : [
        "GeoLite2-ASN.mmdb_elastic-geoip-database-service-agreement-LICENSE.txt",
        "GeoLite2-ASN.mmdb_LICENSE.txt",
        "GeoLite2-City.mmdb_LICENSE.txt",
        "GeoLite2-Country.mmdb_elastic-geoip-database-service-agreement-LICENSE.txt",
        "GeoLite2-ASN.mmdb",
        "GeoLite2-City.mmdb_COPYRIGHT.txt",
        "GeoLite2-City.mmdb",
        "GeoLite2-City.mmdb_elastic-geoip-database-service-agreement-LICENSE.txt",
        "GeoLite2-Country.mmdb_LICENSE.txt",
        "GeoLite2-Country.mmdb",
        "GeoLite2-ASN.mmdb_COPYRIGHT.txt",
        "GeoLite2-Country.mmdb_COPYRIGHT.txt",
        "GeoLite2-City.mmdb_README.txt"
      ]
    },
    "Cf5Yw_TyRxStTQdKa7e61g" : {
      "databases" : [
        {
          "name" : "GeoLite2-Country.mmdb"
        },
        {
          "name" : "GeoLite2-City.mmdb"
        },
        {
          "name" : "GeoLite2-ASN.mmdb"
        }
      ],
      "files_in_temp" : [
        "GeoLite2-ASN.mmdb_elastic-geoip-database-service-agreement-LICENSE.txt",
        "GeoLite2-ASN.mmdb_LICENSE.txt",
        "GeoLite2-City.mmdb_LICENSE.txt",
        "GeoLite2-Country.mmdb_elastic-geoip-database-service-agreement-LICENSE.txt",
        "GeoLite2-ASN.mmdb",
        "GeoLite2-City.mmdb_COPYRIGHT.txt",
        "GeoLite2-City.mmdb",
        "GeoLite2-City.mmdb_elastic-geoip-database-service-agreement-LICENSE.txt",
        "GeoLite2-Country.mmdb_LICENSE.txt",
        "GeoLite2-Country.mmdb",
        "GeoLite2-ASN.mmdb_COPYRIGHT.txt",
        "GeoLite2-Country.mmdb_COPYRIGHT.txt",
        "GeoLite2-City.mmdb_README.txt"
      ]
    },
    "ZSxuDLz8QGaJ3lCaFB_tcQ" : {
      "databases" : [
        {
          "name" : "GeoLite2-Country.mmdb"
        },
        {
          "name" : "GeoLite2-City.mmdb"
        },
        {
          "name" : "GeoLite2-ASN.mmdb"
        }
      ],
      "files_in_temp" : [
        "GeoLite2-ASN.mmdb_elastic-geoip-database-service-agreement-LICENSE.txt",
        "GeoLite2-ASN.mmdb_LICENSE.txt",
        "GeoLite2-City.mmdb_LICENSE.txt",
        "GeoLite2-Country.mmdb_elastic-geoip-database-service-agreement-LICENSE.txt",
        "GeoLite2-ASN.mmdb",
        "GeoLite2-City.mmdb_COPYRIGHT.txt",
        "GeoLite2-City.mmdb",
        "GeoLite2-City.mmdb_elastic-geoip-database-service-agreement-LICENSE.txt",
        "GeoLite2-Country.mmdb_LICENSE.txt",
        "GeoLite2-Country.mmdb",
        "GeoLite2-ASN.mmdb_COPYRIGHT.txt",
        "GeoLite2-Country.mmdb_COPYRIGHT.txt",
        "GeoLite2-City.mmdb_README.txt"
      ]
    },
    "oOMZzOd_TF2i1-dc7AOGeg" : {
      "databases" : [
        {
          "name" : "GeoLite2-Country.mmdb"
        },
        {
          "name" : "GeoLite2-City.mmdb"
        },
        {
          "name" : "GeoLite2-ASN.mmdb"
        }
      ],
      "files_in_temp" : [
        "GeoLite2-ASN.mmdb_elastic-geoip-database-service-agreement-LICENSE.txt",
        "GeoLite2-ASN.mmdb_LICENSE.txt",
        "GeoLite2-City.mmdb_LICENSE.txt",
        "GeoLite2-Country.mmdb_elastic-geoip-database-service-agreement-LICENSE.txt",
        "GeoLite2-ASN.mmdb",
        "GeoLite2-City.mmdb_COPYRIGHT.txt",
        "GeoLite2-City.mmdb",
        "GeoLite2-City.mmdb_elastic-geoip-database-service-agreement-LICENSE.txt",
        "GeoLite2-Country.mmdb_LICENSE.txt",
        "GeoLite2-Country.mmdb",
        "GeoLite2-ASN.mmdb_COPYRIGHT.txt",
        "GeoLite2-Country.mmdb_COPYRIGHT.txt",
        "GeoLite2-City.mmdb_README.txt"
      ]
    },
    "Z1CBbfCaQdS1jIEuquw8OA" : {
      "databases" : [
        {
          "name" : "GeoLite2-Country.mmdb"
        },
        {
          "name" : "GeoLite2-City.mmdb"
        },
        {
          "name" : "GeoLite2-ASN.mmdb"
        }
      ],
      "files_in_temp" : [
        "GeoLite2-ASN.mmdb_elastic-geoip-database-service-agreement-LICENSE.txt",
        "GeoLite2-ASN.mmdb_LICENSE.txt",
        "GeoLite2-City.mmdb_LICENSE.txt",
        "GeoLite2-Country.mmdb_elastic-geoip-database-service-agreement-LICENSE.txt",
        "GeoLite2-ASN.mmdb",
        "GeoLite2-City.mmdb_COPYRIGHT.txt",
        "GeoLite2-City.mmdb",
        "GeoLite2-City.mmdb_elastic-geoip-database-service-agreement-LICENSE.txt",
        "GeoLite2-Country.mmdb_LICENSE.txt",
        "GeoLite2-Country.mmdb",
        "GeoLite2-ASN.mmdb_COPYRIGHT.txt",
        "GeoLite2-Country.mmdb_COPYRIGHT.txt",
        "GeoLite2-City.mmdb_README.txt"
      ]
    },
    "vk_xua05SUCRpfZHv9IdHg" : {
      "databases" : [
        {
          "name" : "GeoLite2-Country.mmdb"
        },
        {
          "name" : "GeoLite2-City.mmdb"
        },
        {
          "name" : "GeoLite2-ASN.mmdb"
        }
      ],
      "files_in_temp" : [
        "GeoLite2-ASN.mmdb_elastic-geoip-database-service-agreement-LICENSE.txt",
        "GeoLite2-ASN.mmdb_LICENSE.txt",
        "GeoLite2-City.mmdb_LICENSE.txt",
        "GeoLite2-Country.mmdb_elastic-geoip-database-service-agreement-LICENSE.txt",
        "GeoLite2-ASN.mmdb",
        "GeoLite2-City.mmdb_COPYRIGHT.txt",
        "GeoLite2-City.mmdb",
        "GeoLite2-City.mmdb_elastic-geoip-database-service-agreement-LICENSE.txt",
        "GeoLite2-Country.mmdb_LICENSE.txt",
        "GeoLite2-Country.mmdb",
        "GeoLite2-ASN.mmdb_COPYRIGHT.txt",
        "GeoLite2-Country.mmdb_COPYRIGHT.txt",
        "GeoLite2-City.mmdb_README.txt"
      ]
    },
    "YaelM0i3Q9GVWoYzeaph1g" : {
      "databases" : [
        {
          "name" : "GeoLite2-Country.mmdb"
        },
        {
          "name" : "GeoLite2-City.mmdb"
        },
        {
          "name" : "GeoLite2-ASN.mmdb"
        }
      ],
      "files_in_temp" : [
        "GeoLite2-ASN.mmdb_elastic-geoip-database-service-agreement-LICENSE.txt",
        "GeoLite2-ASN.mmdb_LICENSE.txt",
        "GeoLite2-City.mmdb_LICENSE.txt",
        "GeoLite2-Country.mmdb_elastic-geoip-database-service-agreement-LICENSE.txt",
        "GeoLite2-ASN.mmdb",
        "GeoLite2-City.mmdb_COPYRIGHT.txt",
        "GeoLite2-City.mmdb",
        "GeoLite2-City.mmdb_elastic-geoip-database-service-agreement-LICENSE.txt",
        "GeoLite2-Country.mmdb_LICENSE.txt",
        "GeoLite2-Country.mmdb",
        "GeoLite2-ASN.mmdb_COPYRIGHT.txt",
        "GeoLite2-Country.mmdb_COPYRIGHT.txt",
        "GeoLite2-City.mmdb_README.txt"
      ]
    },
    "a1XCilnRQluJAyXeipVnrA" : {
      "databases" : [
        {
          "name" : "GeoLite2-Country.mmdb"
        },
        {
          "name" : "GeoLite2-City.mmdb"
        },
        {
          "name" : "GeoLite2-ASN.mmdb"
        }
      ],
      "files_in_temp" : [
        "GeoLite2-ASN.mmdb_elastic-geoip-database-service-agreement-LICENSE.txt",
        "GeoLite2-ASN.mmdb_LICENSE.txt",
        "GeoLite2-City.mmdb_LICENSE.txt",
        "GeoLite2-Country.mmdb_elastic-geoip-database-service-agreement-LICENSE.txt",
        "GeoLite2-ASN.mmdb",
        "GeoLite2-City.mmdb_COPYRIGHT.txt",
        "GeoLite2-City.mmdb",
        "GeoLite2-City.mmdb_elastic-geoip-database-service-agreement-LICENSE.txt",
        "GeoLite2-Country.mmdb_LICENSE.txt",
        "GeoLite2-Country.mmdb",
        "GeoLite2-ASN.mmdb_COPYRIGHT.txt",
        "GeoLite2-Country.mmdb_COPYRIGHT.txt",
        "GeoLite2-City.mmdb_README.txt"
      ]
    }
  }
}
