{
  "_nodes" : {
    "total" : 23,
    "successful" : 23,
    "failed" : 0
  },
  "cluster_name" : "insighter",
  "nodes" : {
    "UgeYqqjDQ3GEpZRzlylbUg" : {
      "timestamp" : 1663848328585,
      "since" : 1661186695412,
      "rest_actions" : {
        "security_get_role_mappings_action" : 1505,
        "ilm_get_action" : 1551,
        "security_put_role_mappings_action" : 1505,
        "get_index_template_action" : 1508,
        "nodes_info_action" : 133,
        "security_get_users_action" : 12040,
        "get_indices_action" : 1,
        "get_composable_index_template_action" : 63,
        "xpack_info_action" : 4,
        "security_get_roles_action" : 3010,
        "get_aliases_action" : 46,
        "security_put_user_action" : 12040,
        "get_license" : 153,
        "security_put_role_action" : 3010,
        "cluster_health_action" : 5,
        "bulk_action" : 71061977,
        "main_action" : 358,
        "ingest_get_pipeline_action" : 736,
        "cluster_update_settings_action" : 1
      },
      "aggregations" : {
        "date_histogram" : {
          "date" : 44907
        },
        "geo_centroid" : {
          "geopoint" : 144
        },
        "geotile_grid" : {
          "geopoint" : 144
        },
        "range" : {
          "date" : 29293
        },
        "sum" : {
          "numeric" : 13867
        },
        "top_hits" : {
          "other" : 9238
        },
        "nested" : {
          "other" : 9
        },
        "string_stats" : {
          "keyword" : 8
        },
        "min" : {
          "date" : 148,
          "numeric" : 14
        },
        "avg" : {
          "numeric" : 23312
        },
        "terms" : {
          "date" : 17,
          "numeric" : 1379,
          "keyword" : 270948,
          "ip" : 23866
        },
        "rate" : {
          "numeric" : 10
        },
        "auto_date_histogram" : {
          "date" : 913
        },
        "composite" : {
          "other" : 138533
        },
        "missing" : {
          "keyword" : 58586
        },
        "value_count" : {
          "keyword" : 4
        },
        "date_range" : {
          "date" : 1088
        },
        "percentiles" : {
          "numeric" : 74
        },
        "max" : {
          "date" : 113627,
          "numeric" : 31188
        },
        "scripted_metric" : {
          "other" : 16
        },
        "top_metrics" : {
          "other" : 6732
        },
        "filters" : {
          "other" : 3323
        },
        "cardinality" : {
          "keyword" : 39251,
          "numeric" : 40,
          "ip" : 10518
        },
        "histogram" : {
          "numeric" : 8
        },
        "filter" : {
          "other" : 90717
        },
        "reverse_nested" : {
          "other" : 7
        }
      }
    },
    "E-48SNptSr6UZULEQpyXWA" : {
      "timestamp" : 1663848328585,
      "since" : 1661193030046,
      "rest_actions" : {
        "ilm_get_action" : 43,
        "xpack_info_action" : 1,
        "get_index_template_action" : 1,
        "nodes_info_action" : 61,
        "get_aliases_action" : 42,
        "get_license" : 144,
        "cluster_health_action" : 3,
        "get_composable_index_template_action" : 58,
        "bulk_action" : 71290703,
        "main_action" : 265,
        "ingest_get_pipeline_action" : 372,
        "cluster_update_settings_action" : 1
      },
      "aggregations" : {
        "date_range" : {
          "date" : 1034
        },
        "percentiles" : {
          "numeric" : 29
        },
        "date_histogram" : {
          "date" : 29416
        },
        "max" : {
          "date" : 141838,
          "numeric" : 89395
        },
        "geo_centroid" : {
          "geopoint" : 143
        },
        "geotile_grid" : {
          "geopoint" : 143
        },
        "scripted_metric" : {
          "other" : 100
        },
        "sum" : {
          "numeric" : 40858
        },
        "top_metrics" : {
          "other" : 22220
        },
        "filters" : {
          "other" : 2407
        },
        "top_hits" : {
          "other" : 100099
        },
        "cardinality" : {
          "keyword" : 12749,
          "numeric" : 15,
          "ip" : 13023
        },
        "string_stats" : {
          "keyword" : 24
        },
        "histogram" : {
          "numeric" : 3
        },
        "filter" : {
          "other" : 2950
        },
        "min" : {
          "date" : 229,
          "numeric" : 7
        },
        "avg" : {
          "numeric" : 69549
        },
        "terms" : {
          "date" : 21,
          "numeric" : 1152,
          "keyword" : 203392,
          "ip" : 27974
        },
        "stats" : {
          "numeric" : 1
        },
        "rate" : {
          "numeric" : 24
        },
        "auto_date_histogram" : {
          "date" : 1049
        },
        "composite" : {
          "other" : 321022
        },
        "value_count" : {
          "keyword" : 11
        }
      }
    },
    "XMDMZHGQTs6u3_yxhI4oMg" : {
      "timestamp" : 1663848328583,
      "since" : 1661190429629,
      "rest_actions" : {
        "ilm_get_action" : 51,
        "xpack_info_action" : 1,
        "get_index_template_action" : 4,
        "nodes_info_action" : 69,
        "get_aliases_action" : 49,
        "get_license" : 160,
        "cluster_health_action" : 6,
        "get_composable_index_template_action" : 66,
        "bulk_action" : 71637513,
        "main_action" : 286,
        "ingest_get_pipeline_action" : 427,
        "cluster_update_settings_action" : 1
      },
      "aggregations" : {
        "date_range" : {
          "date" : 1159
        },
        "percentiles" : {
          "numeric" : 81
        },
        "date_histogram" : {
          "date" : 40279
        },
        "max" : {
          "date" : 136158,
          "numeric" : 85453
        },
        "geo_centroid" : {
          "geopoint" : 170
        },
        "geotile_grid" : {
          "geopoint" : 170
        },
        "range" : {
          "date" : 9162
        },
        "scripted_metric" : {
          "other" : 347
        },
        "sum" : {
          "numeric" : 27844
        },
        "top_metrics" : {
          "other" : 20183
        },
        "filters" : {
          "other" : 3730
        },
        "top_hits" : {
          "other" : 70032
        },
        "cardinality" : {
          "keyword" : 18650,
          "numeric" : 45,
          "ip" : 11749
        },
        "string_stats" : {
          "keyword" : 16
        },
        "histogram" : {
          "numeric" : 9
        },
        "filter" : {
          "other" : 31178
        },
        "min" : {
          "date" : 172,
          "numeric" : 11
        },
        "avg" : {
          "numeric" : 65789
        },
        "terms" : {
          "date" : 21,
          "numeric" : 1589,
          "keyword" : 239811,
          "ip" : 26564
        },
        "rate" : {
          "numeric" : 8
        },
        "auto_date_histogram" : {
          "date" : 1025
        },
        "composite" : {
          "other" : 263224
        },
        "missing" : {
          "keyword" : 18324
        },
        "value_count" : {
          "keyword" : 10
        }
      }
    },
    "-po_sP2ATSSxGudRXtLmCg" : {
      "timestamp" : 1663848328583,
      "since" : 1661198680042,
      "rest_actions" : {
        "cluster_health_action" : 1,
        "main_action" : 1,
        "cluster_update_settings_action" : 1
      },
      "aggregations" : { }
    },
    "a1XCilnRQluJAyXeipVnrA" : {
      "timestamp" : 1663848328583,
      "since" : 1661196029350,
      "rest_actions" : {
        "cluster_health_action" : 6,
        "main_action" : 1,
        "cluster_update_settings_action" : 1
      },
      "aggregations" : {
        "date_range" : {
          "date" : 2753
        },
        "percentiles" : {
          "numeric" : 74
        },
        "date_histogram" : {
          "date" : 28629
        },
        "max" : {
          "date" : 499049,
          "numeric" : 18464
        },
        "geo_centroid" : {
          "geopoint" : 859
        },
        "geotile_grid" : {
          "geopoint" : 859
        },
        "sum" : {
          "numeric" : 20621
        },
        "top_metrics" : {
          "other" : 85
        },
        "filters" : {
          "other" : 5492
        },
        "top_hits" : {
          "other" : 25668
        },
        "cardinality" : {
          "keyword" : 8118,
          "numeric" : 40,
          "ip" : 55896
        },
        "histogram" : {
          "numeric" : 8
        },
        "filter" : {
          "other" : 6181
        },
        "min" : {
          "date" : 752,
          "numeric" : 13
        },
        "avg" : {
          "numeric" : 18676
        },
        "terms" : {
          "date" : 28,
          "numeric" : 2775,
          "keyword" : 610885,
          "ip" : 128045
        },
        "auto_date_histogram" : {
          "date" : 1019
        },
        "composite" : {
          "other" : 522596
        }
      }
    },
    "UVALrz7VSJ69zW87dNL-Kw" : {
      "timestamp" : 1663848328584,
      "since" : 1661199101468,
      "rest_actions" : {
        "cluster_health_action" : 1,
        "main_action" : 1,
        "cluster_update_settings_action" : 1
      },
      "aggregations" : { }
    },
    "YaOrvNkvTLWY9NlxWJNLcA" : {
      "timestamp" : 1663848328584,
      "since" : 1661199534369,
      "rest_actions" : {
        "cluster_health_action" : 1,
        "main_action" : 1,
        "cluster_update_settings_action" : 1
      },
      "aggregations" : { }
    },
    "Z1CBbfCaQdS1jIEuquw8OA" : {
      "timestamp" : 1663848328585,
      "since" : 1661188154648,
      "rest_actions" : {
        "ilm_get_action" : 54,
        "get_index_template_action" : 4,
        "nodes_info_action" : 61,
        "get_indices_action" : 1,
        "get_composable_index_template_action" : 70,
        "xpack_info_action" : 1,
        "get_aliases_action" : 54,
        "get_license" : 167,
        "cluster_health_action" : 10,
        "bulk_action" : 70544149,
        "main_action" : 294,
        "ingest_get_pipeline_action" : 385,
        "cluster_update_settings_action" : 1
      },
      "aggregations" : {
        "date_range" : {
          "date" : 1071
        },
        "percentiles" : {
          "numeric" : 27
        },
        "date_histogram" : {
          "date" : 30368
        },
        "max" : {
          "date" : 138563,
          "numeric" : 19638
        },
        "geo_centroid" : {
          "geopoint" : 94
        },
        "geotile_grid" : {
          "geopoint" : 94
        },
        "range" : {
          "date" : 19283
        },
        "scripted_metric" : {
          "other" : 7
        },
        "sum" : {
          "numeric" : 1397028
        },
        "top_metrics" : {
          "other" : 4779
        },
        "filters" : {
          "other" : 84763
        },
        "top_hits" : {
          "other" : 12464
        },
        "nested" : {
          "other" : 12
        },
        "cardinality" : {
          "keyword" : 24334,
          "numeric" : 15,
          "ip" : 13565
        },
        "histogram" : {
          "numeric" : 3
        },
        "filter" : {
          "other" : 60639
        },
        "reverse_nested" : {
          "other" : 10
        },
        "min" : {
          "date" : 136,
          "numeric" : 11
        },
        "avg" : {
          "numeric" : 15250
        },
        "terms" : {
          "date" : 13,
          "numeric" : 977,
          "keyword" : 240622,
          "ip" : 30814
        },
        "auto_date_histogram" : {
          "date" : 903
        },
        "composite" : {
          "other" : 175726
        },
        "missing" : {
          "keyword" : 38566
        },
        "value_count" : {
          "keyword" : 9
        }
      }
    },
    "Cf5Yw_TyRxStTQdKa7e61g" : {
      "timestamp" : 1663848328583,
      "since" : 1661195548039,
      "rest_actions" : {
        "cluster_health_action" : 5,
        "main_action" : 1,
        "cluster_update_settings_action" : 1
      },
      "aggregations" : {
        "date_range" : {
          "date" : 2068
        },
        "percentiles" : {
          "numeric" : 54
        },
        "date_histogram" : {
          "date" : 24218
        },
        "max" : {
          "date" : 157323,
          "numeric" : 17453
        },
        "geo_centroid" : {
          "geopoint" : 843
        },
        "geotile_grid" : {
          "geopoint" : 843
        },
        "scripted_metric" : {
          "other" : 1
        },
        "sum" : {
          "numeric" : 35607
        },
        "top_metrics" : {
          "other" : 16
        },
        "filters" : {
          "other" : 3705
        },
        "top_hits" : {
          "other" : 32873
        },
        "cardinality" : {
          "keyword" : 6747,
          "numeric" : 30,
          "ip" : 16495
        },
        "histogram" : {
          "numeric" : 6
        },
        "filter" : {
          "other" : 3446
        },
        "min" : {
          "date" : 764,
          "numeric" : 6
        },
        "avg" : {
          "numeric" : 17502
        },
        "terms" : {
          "date" : 5,
          "numeric" : 1756,
          "keyword" : 289081,
          "ip" : 39557
        },
        "auto_date_histogram" : {
          "date" : 375
        },
        "composite" : {
          "other" : 165154
        },
        "value_count" : {
          "keyword" : 18
        }
      }
    },
    "EoYHAAyERVSOs3apsZ_ASQ" : {
      "timestamp" : 1663848328583,
      "since" : 1661195090159,
      "rest_actions" : {
        "cluster_health_action" : 6,
        "main_action" : 1,
        "cluster_update_settings_action" : 1
      },
      "aggregations" : {
        "date_range" : {
          "date" : 3213
        },
        "percentiles" : {
          "numeric" : 99
        },
        "date_histogram" : {
          "date" : 30578
        },
        "max" : {
          "date" : 667319,
          "numeric" : 16147
        },
        "geo_centroid" : {
          "geopoint" : 899
        },
        "geotile_grid" : {
          "geopoint" : 899
        },
        "sum" : {
          "numeric" : 9829
        },
        "top_metrics" : {
          "other" : 102
        },
        "filters" : {
          "other" : 6401
        },
        "top_hits" : {
          "other" : 19970
        },
        "cardinality" : {
          "keyword" : 8015,
          "numeric" : 55,
          "ip" : 75320
        },
        "histogram" : {
          "numeric" : 11
        },
        "filter" : {
          "other" : 7799
        },
        "min" : {
          "date" : 934,
          "numeric" : 14
        },
        "avg" : {
          "numeric" : 16898
        },
        "terms" : {
          "date" : 19,
          "numeric" : 2985,
          "keyword" : 741989,
          "ip" : 170715
        },
        "auto_date_histogram" : {
          "date" : 1407
        },
        "composite" : {
          "other" : 697005
        },
        "value_count" : {
          "keyword" : 7
        }
      }
    },
    "vk_xua05SUCRpfZHv9IdHg" : {
      "timestamp" : 1663848328586,
      "since" : 1661191161130,
      "rest_actions" : {
        "ilm_get_action" : 49,
        "xpack_info_action" : 3,
        "get_index_template_action" : 4,
        "nodes_info_action" : 72,
        "get_aliases_action" : 49,
        "get_license" : 160,
        "cluster_health_action" : 3,
        "get_composable_index_template_action" : 66,
        "bulk_action" : 71231650,
        "main_action" : 285,
        "ingest_get_pipeline_action" : 424,
        "cluster_update_settings_action" : 1
      },
      "aggregations" : {
        "date_range" : {
          "date" : 806
        },
        "percentiles" : {
          "numeric" : 12
        },
        "date_histogram" : {
          "date" : 18983
        },
        "max" : {
          "date" : 92405,
          "numeric" : 61579
        },
        "geo_centroid" : {
          "geopoint" : 104
        },
        "geotile_grid" : {
          "geopoint" : 104
        },
        "scripted_metric" : {
          "other" : 542
        },
        "sum" : {
          "numeric" : 1811200
        },
        "top_metrics" : {
          "other" : 14071
        },
        "filters" : {
          "other" : 103430
        },
        "top_hits" : {
          "other" : 69979
        },
        "nested" : {
          "other" : 138
        },
        "cardinality" : {
          "keyword" : 7055,
          "ip" : 7961
        },
        "string_stats" : {
          "keyword" : 18
        },
        "filter" : {
          "other" : 3231
        },
        "reverse_nested" : {
          "other" : 104
        },
        "min" : {
          "date" : 144,
          "numeric" : 78
        },
        "avg" : {
          "numeric" : 46697
        },
        "terms" : {
          "date" : 8,
          "numeric" : 753,
          "keyword" : 130557,
          "ip" : 17835
        },
        "rate" : {
          "numeric" : 32
        },
        "auto_date_histogram" : {
          "date" : 891
        },
        "composite" : {
          "other" : 212188
        },
        "value_count" : {
          "keyword" : 9
        }
      }
    },
    "JVrQ5SWqS-2GOoknBTKHBg" : {
      "timestamp" : 1663848328583,
      "since" : 1661198167405,
      "rest_actions" : {
        "cluster_health_action" : 6,
        "main_action" : 1,
        "cluster_update_settings_action" : 1
      },
      "aggregations" : {
        "date_range" : {
          "date" : 2033
        },
        "percentiles" : {
          "numeric" : 27
        },
        "date_histogram" : {
          "date" : 24705
        },
        "max" : {
          "date" : 171790,
          "numeric" : 19230
        },
        "geo_centroid" : {
          "geopoint" : 872
        },
        "geotile_grid" : {
          "geopoint" : 872
        },
        "sum" : {
          "numeric" : 9129
        },
        "top_metrics" : {
          "other" : 8
        },
        "filters" : {
          "other" : 3981
        },
        "top_hits" : {
          "other" : 58899
        },
        "cardinality" : {
          "keyword" : 6668,
          "numeric" : 15,
          "ip" : 17810
        },
        "histogram" : {
          "numeric" : 3
        },
        "filter" : {
          "other" : 3666
        },
        "min" : {
          "date" : 698,
          "numeric" : 4
        },
        "avg" : {
          "numeric" : 19031
        },
        "terms" : {
          "date" : 6,
          "numeric" : 1728,
          "keyword" : 310504,
          "ip" : 41892
        },
        "auto_date_histogram" : {
          "date" : 376
        },
        "composite" : {
          "other" : 199500
        },
        "value_count" : {
          "keyword" : 14
        }
      }
    },
    "OOy4702iT2GHOGbZsmDKrg" : {
      "timestamp" : 1663848328584,
      "since" : 1661196490678,
      "rest_actions" : {
        "cluster_health_action" : 50,
        "main_action" : 1,
        "cluster_update_settings_action" : 1
      },
      "aggregations" : {
        "date_range" : {
          "date" : 2525
        },
        "percentiles" : {
          "numeric" : 47
        },
        "date_histogram" : {
          "date" : 24358
        },
        "max" : {
          "date" : 274655,
          "numeric" : 15931
        },
        "geo_centroid" : {
          "geopoint" : 1038
        },
        "geotile_grid" : {
          "geopoint" : 1038
        },
        "scripted_metric" : {
          "other" : 1
        },
        "sum" : {
          "numeric" : 1686136
        },
        "top_metrics" : {
          "other" : 35
        },
        "filters" : {
          "other" : 99341
        },
        "top_hits" : {
          "other" : 43225
        },
        "cardinality" : {
          "keyword" : 6668,
          "numeric" : 25,
          "ip" : 30471
        },
        "histogram" : {
          "numeric" : 5
        },
        "filter" : {
          "other" : 3848
        },
        "min" : {
          "date" : 660,
          "numeric" : 9
        },
        "avg" : {
          "numeric" : 16177
        },
        "terms" : {
          "date" : 19,
          "numeric" : 2415,
          "keyword" : 385696,
          "ip" : 71817
        },
        "auto_date_histogram" : {
          "date" : 562
        },
        "composite" : {
          "other" : 308307
        },
        "value_count" : {
          "keyword" : 17
        }
      }
    },
    "YaelM0i3Q9GVWoYzeaph1g" : {
      "timestamp" : 1663848328585,
      "since" : 1661197628491,
      "rest_actions" : {
        "cluster_health_action" : 11,
        "main_action" : 1,
        "cluster_update_settings_action" : 1
      },
      "aggregations" : {
        "date_range" : {
          "date" : 2936
        },
        "percentiles" : {
          "numeric" : 83
        },
        "date_histogram" : {
          "date" : 25953
        },
        "max" : {
          "date" : 423174,
          "numeric" : 16277
        },
        "geo_centroid" : {
          "geopoint" : 951
        },
        "geotile_grid" : {
          "geopoint" : 951
        },
        "scripted_metric" : {
          "other" : 1
        },
        "sum" : {
          "numeric" : 77114
        },
        "top_metrics" : {
          "other" : 84
        },
        "filters" : {
          "other" : 4528
        },
        "top_hits" : {
          "other" : 52375
        },
        "cardinality" : {
          "keyword" : 12740,
          "numeric" : 45,
          "ip" : 44233
        },
        "histogram" : {
          "numeric" : 9
        },
        "filter" : {
          "other" : 5334
        },
        "min" : {
          "date" : 642,
          "numeric" : 16
        },
        "avg" : {
          "numeric" : 16390
        },
        "terms" : {
          "date" : 25,
          "numeric" : 2583,
          "keyword" : 533138,
          "ip" : 101799
        },
        "auto_date_histogram" : {
          "date" : 981
        },
        "composite" : {
          "other" : 532668
        },
        "value_count" : {
          "keyword" : 14
        }
      }
    },
    "fOwd5unrRqujZfnA9dC5Zw" : {
      "timestamp" : 1663848328584,
      "since" : 1661200509055,
      "rest_actions" : {
        "ml_get_job_stats_action" : 264779,
        "enrich_stats" : 264780,
        "cluster_get_settings_action" : 183609,
        "nodes_info_action" : 6350723,
        "get_settings_action" : 264620,
        "xpack_usage_action" : 183713,
        "nodes_stats_action" : 264779,
        "indices_stats_action" : 529416,
        "cluster_state_action" : 713064,
        "cluster_stats_action" : 264777,
        "search_action" : 3515,
        "recovery_action" : 264779,
        "get_license" : 40785,
        "main_action" : 2077559
      },
      "aggregations" : { }
    },
    "ZSxuDLz8QGaJ3lCaFB_tcQ" : {
      "timestamp" : 1663848328585,
      "since" : 1661194586890,
      "rest_actions" : {
        "cluster_health_action" : 6,
        "main_action" : 1,
        "cluster_update_settings_action" : 1
      },
      "aggregations" : {
        "date_range" : {
          "date" : 2918
        },
        "percentiles" : {
          "numeric" : 65
        },
        "date_histogram" : {
          "date" : 27164
        },
        "max" : {
          "date" : 388911,
          "numeric" : 16534
        },
        "geo_centroid" : {
          "geopoint" : 939
        },
        "geotile_grid" : {
          "geopoint" : 939
        },
        "scripted_metric" : {
          "other" : 41
        },
        "sum" : {
          "numeric" : 1552666
        },
        "top_metrics" : {
          "other" : 73
        },
        "filters" : {
          "other" : 93758
        },
        "top_hits" : {
          "other" : 39892
        },
        "cardinality" : {
          "keyword" : 6818,
          "numeric" : 35,
          "ip" : 43446
        },
        "histogram" : {
          "numeric" : 7
        },
        "filter" : {
          "other" : 4803
        },
        "min" : {
          "date" : 756,
          "numeric" : 9
        },
        "avg" : {
          "numeric" : 16931
        },
        "terms" : {
          "date" : 17,
          "numeric" : 2524,
          "keyword" : 492150,
          "ip" : 100215
        },
        "auto_date_histogram" : {
          "date" : 919
        },
        "composite" : {
          "other" : 418649
        },
        "value_count" : {
          "keyword" : 11
        }
      }
    },
    "_bEIkrBLRsq9qtaLKlV_uw" : {
      "timestamp" : 1663848328583,
      "since" : 1662558242425,
      "rest_actions" : {
        "security_get_role_mappings_action" : 1,
        "ilm_get_action" : 3,
        "ml_get_datafeed_stats_action" : 1,
        "xpack_security_invalidate_api_key" : 31,
        "remote_cluster_info_action" : 1,
        "security_get_privileges_action" : 1,
        "get_mapping_action" : 230,
        "get_indices_action" : 175194,
        "cat_count_action" : 2,
        "update_by_query_action" : 653121,
        "cat_segments_action" : 2,
        "ml_get_trained_models_stats_action" : 1,
        "eql_search" : 1352970,
        "cat_health_action" : 4,
        "slm_get_lifecycle_stats" : 1,
        "async_search_submit_action" : 4513,
        "field_capabilities_action" : 608432,
        "document_get_action" : 8850869,
        "cluster_allocation_explain_action" : 4,
        "count_action" : 338542,
        "get_rollup_caps" : 1,
        "cat_templates_action" : 2,
        "list_dangling_indices" : 2,
        "cat_shards_action" : 5,
        "cluster_get_settings_action" : 5,
        "cat_plugins_action" : 1,
        "get_settings_action" : 8,
        "document_index_action" : 511,
        "ilm_get_operation_mode_action" : 1,
        "security_authenticate_action" : 802541,
        "xpack_ml_get_data_frame_analytics_stats_action" : 1,
        "xpack_ml_get_data_frame_analytics_action" : 1,
        "get_shutdown_status" : 1,
        "ccr_follower_info" : 1,
        "async_search_status_action" : 2881,
        "get_repositories_action" : 1,
        "cat_node_attrs_action" : 2,
        "cat_threadpool_action" : 2,
        "nodes_info_action" : 491963,
        "ml_get_jobs_action" : 18,
        "watcher_stats" : 2,
        "term_enum_action" : 146,
        "open_point_in_time" : 889,
        "get_autoscaling_capacity" : 1,
        "async_search_get_action" : 44110,
        "ml_get_trained_models_action" : 1,
        "ml_get_job_stats_action" : 1,
        "ssl_get_certificates" : 1,
        "put_mapping_action" : 26,
        "xpack_usage_action" : 1,
        "get_data_streams_action" : 1,
        "security_get_users_action" : 3,
        "cat_pending_cluster_tasks_action" : 2,
        "document_create_action" : 131678,
        "cluster_stats_action" : 2,
        "search_action" : 6712843,
        "get_aliases_action" : 1352438,
        "cat_allocation_action" : 6,
        "ccr_get_auto_follow_pattern_action" : 1,
        "transform_get_transform_stats_action" : 96,
        "geoip_downloader_stats" : 2,
        "nodes_usage_action" : 2,
        "document_update_action" : 5936981,
        "enrich_stats" : 1,
        "get_index_template_action" : 232,
        "cat_alias_action" : 2,
        "get_trial_status" : 2,
        "nodes_stats_action" : 4,
        "nodes_hot_threads_action" : 2,
        "ccr_stats" : 1,
        "monitoring_bulk" : 147344,
        "get_rollup_job" : 1,
        "cluster_health_action" : 4,
        "document_delete_action" : 131192,
        "cat_recovery_action" : 5,
        "async_search_delete_action" : 2708,
        "close_point_in_time" : 869,
        "cat_indices_action" : 6,
        "transform_get_transform_action" : 1,
        "simulate_template_action" : 3,
        "document_mget_action" : 873,
        "ml_get_datafeeds_action" : 1,
        "cat_master_action" : 4,
        "list_tasks_action" : 1,
        "bulk_action" : 2785827,
        "ingest_get_pipeline_action" : 25,
        "logstash_get_pipeline" : 1,
        "get_component_template_action" : 39,
        "ml_info_action" : 48,
        "put_component_template_action" : 3,
        "get_task_action" : 2,
        "get_composable_index_template_action" : 3,
        "ilm_put_action" : 1,
        "slm_get_lifecycle" : 1,
        "indices_shard_stores_action" : 1,
        "indices_segments_action" : 1,
        "xpack_info_action" : 84530,
        "security_get_roles_action" : 3,
        "cat_fielddata_action" : 4,
        "delete_by_query_action" : 187,
        "searchable_snapshots_cache_stats_action" : 1,
        "get_license" : 2,
        "main_action" : 506302,
        "ilm_explain_action" : 2,
        "pending_cluster_tasks_action" : 2,
        "cat_repositories_action" : 2,
        "get_enrich_policy" : 1,
        "indices_stats_action" : 17,
        "cat_nodes_action" : 6,
        "cluster_state_action" : 2,
        "security_has_priviledges_action" : 33108815,
        "simulate_index_template_action" : 24,
        "recovery_action" : 1,
        "get_snapshots_action" : 1,
        "slm_get_operation_mode_action" : 1,
        "get_rollup_index_caps" : 3,
        "put_composable_index_template_action" : 3,
        "refresh_action" : 1,
        "search_scroll_action" : 1
      },
      "aggregations" : { }
    },
    "oOMZzOd_TF2i1-dc7AOGeg" : {
      "timestamp" : 1663848328585,
      "since" : 1661193940274,
      "rest_actions" : {
        "ilm_get_action" : 53,
        "xpack_info_action" : 4,
        "get_index_template_action" : 5,
        "nodes_info_action" : 75,
        "get_aliases_action" : 52,
        "get_license" : 164,
        "cluster_health_action" : 16,
        "get_composable_index_template_action" : 68,
        "bulk_action" : 71451577,
        "main_action" : 284,
        "ingest_get_pipeline_action" : 439,
        "cluster_update_settings_action" : 1
      },
      "aggregations" : {
        "date_histogram" : {
          "date" : 42693
        },
        "geo_centroid" : {
          "geopoint" : 101
        },
        "geotile_grid" : {
          "geopoint" : 101
        },
        "range" : {
          "date" : 21839
        },
        "sum" : {
          "numeric" : 27272
        },
        "top_hits" : {
          "other" : 40708
        },
        "nested" : {
          "other" : 73
        },
        "string_stats" : {
          "keyword" : 10
        },
        "min" : {
          "date" : 152,
          "numeric" : 22
        },
        "avg" : {
          "numeric" : 43191
        },
        "terms" : {
          "date" : 17,
          "numeric" : 845,
          "keyword" : 263834,
          "ip" : 27130
        },
        "rate" : {
          "numeric" : 4
        },
        "auto_date_histogram" : {
          "date" : 991
        },
        "composite" : {
          "other" : 217757
        },
        "missing" : {
          "keyword" : 43678
        },
        "significant_terms" : {
          "keyword" : 2
        },
        "value_count" : {
          "keyword" : 12
        },
        "date_range" : {
          "date" : 979
        },
        "percentiles" : {
          "numeric" : 36
        },
        "max" : {
          "date" : 134308,
          "numeric" : 56351
        },
        "scripted_metric" : {
          "other" : 615
        },
        "top_metrics" : {
          "other" : 13670
        },
        "filters" : {
          "other" : 2111
        },
        "cardinality" : {
          "keyword" : 28408,
          "numeric" : 20,
          "ip" : 12326
        },
        "histogram" : {
          "numeric" : 4
        },
        "filter" : {
          "other" : 68918
        },
        "reverse_nested" : {
          "other" : 49
        }
      }
    },
    "UEw5FlpCQ2K9AsvLpKfGJA" : {
      "timestamp" : 1663848328586,
      "since" : 1661411850635,
      "rest_actions" : {
        "ilm_get_action" : 24,
        "nodes_info_action" : 113,
        "get_aliases_action" : 24,
        "get_license" : 110,
        "get_composable_index_template_action" : 41,
        "bulk_action" : 65745658,
        "main_action" : 173,
        "ingest_get_pipeline_action" : 574
      },
      "aggregations" : {
        "date_range" : {
          "date" : 1290
        },
        "percentiles" : {
          "numeric" : 151
        },
        "date_histogram" : {
          "date" : 17461
        },
        "max" : {
          "date" : 125359,
          "numeric" : 33455
        },
        "geo_centroid" : {
          "geopoint" : 198
        },
        "geotile_grid" : {
          "geopoint" : 198
        },
        "scripted_metric" : {
          "other" : 738
        },
        "sum" : {
          "numeric" : 30942
        },
        "top_metrics" : {
          "other" : 7394
        },
        "filters" : {
          "other" : 3615
        },
        "top_hits" : {
          "other" : 32744
        },
        "cardinality" : {
          "keyword" : 8896,
          "numeric" : 75,
          "ip" : 11694
        },
        "string_stats" : {
          "keyword" : 8
        },
        "histogram" : {
          "numeric" : 15
        },
        "filter" : {
          "other" : 3105
        },
        "min" : {
          "date" : 167,
          "numeric" : 15
        },
        "avg" : {
          "numeric" : 25316
        },
        "terms" : {
          "date" : 24,
          "numeric" : 1678,
          "keyword" : 166943,
          "ip" : 27203
        },
        "stats" : {
          "numeric" : 1
        },
        "rate" : {
          "numeric" : 12
        },
        "auto_date_histogram" : {
          "date" : 1174
        },
        "composite" : {
          "other" : 187338
        },
        "significant_terms" : {
          "keyword" : 2
        },
        "value_count" : {
          "keyword" : 8
        }
      }
    },
    "nJibeFaKTF6Ru_nMJTJS0g" : {
      "timestamp" : 1663848328586,
      "since" : 1661188949310,
      "rest_actions" : {
        "ilm_get_action" : 51,
        "get_index_template_action" : 2,
        "nodes_info_action" : 48,
        "get_aliases_action" : 51,
        "get_license" : 164,
        "cluster_health_action" : 4,
        "get_composable_index_template_action" : 67,
        "bulk_action" : 72277515,
        "main_action" : 291,
        "ingest_get_pipeline_action" : 332,
        "cluster_update_settings_action" : 1
      },
      "aggregations" : {
        "date_histogram" : {
          "date" : 38130
        },
        "geo_centroid" : {
          "geopoint" : 170
        },
        "geotile_grid" : {
          "geopoint" : 170
        },
        "range" : {
          "date" : 4799
        },
        "sum" : {
          "numeric" : 8108
        },
        "top_hits" : {
          "other" : 9059
        },
        "nested" : {
          "other" : 1
        },
        "min" : {
          "date" : 134,
          "numeric" : 8
        },
        "avg" : {
          "numeric" : 73446
        },
        "terms" : {
          "date" : 28,
          "numeric" : 1975,
          "keyword" : 228158,
          "ip" : 25526
        },
        "rate" : {
          "numeric" : 38
        },
        "auto_date_histogram" : {
          "date" : 1126
        },
        "composite" : {
          "other" : 219396
        },
        "missing" : {
          "keyword" : 9598
        },
        "value_count" : {
          "keyword" : 12
        },
        "date_range" : {
          "date" : 1439
        },
        "percentiles" : {
          "numeric" : 72
        },
        "max" : {
          "date" : 130097,
          "numeric" : 98815
        },
        "scripted_metric" : {
          "other" : 1
        },
        "top_metrics" : {
          "other" : 20998
        },
        "filters" : {
          "other" : 4719
        },
        "cardinality" : {
          "keyword" : 17718,
          "numeric" : 40,
          "ip" : 11015
        },
        "histogram" : {
          "numeric" : 8
        },
        "filter" : {
          "other" : 17958
        },
        "reverse_nested" : {
          "other" : 1
        }
      }
    },
    "hPm4-1ETQ2CJGYbkG17MBg" : {
      "timestamp" : 1663848328589,
      "since" : 1661189670822,
      "rest_actions" : {
        "ilm_get_action" : 51,
        "get_index_template_action" : 1,
        "nodes_info_action" : 72,
        "get_indices_action" : 3,
        "get_composable_index_template_action" : 67,
        "xpack_info_action" : 1,
        "get_aliases_action" : 51,
        "get_license" : 164,
        "cluster_health_action" : 6,
        "bulk_action" : 71611112,
        "main_action" : 292,
        "ingest_get_pipeline_action" : 403,
        "cluster_update_settings_action" : 1
      },
      "aggregations" : {
        "date_range" : {
          "date" : 1482
        },
        "percentiles" : {
          "numeric" : 102
        },
        "date_histogram" : {
          "date" : 32473
        },
        "max" : {
          "date" : 121459,
          "numeric" : 78163
        },
        "geo_centroid" : {
          "geopoint" : 151
        },
        "geotile_grid" : {
          "geopoint" : 151
        },
        "scripted_metric" : {
          "other" : 254
        },
        "sum" : {
          "numeric" : 16176
        },
        "top_metrics" : {
          "other" : 20650
        },
        "filters" : {
          "other" : 4722
        },
        "top_hits" : {
          "other" : 9655
        },
        "cardinality" : {
          "keyword" : 9536,
          "numeric" : 50,
          "ip" : 11151
        },
        "histogram" : {
          "numeric" : 10
        },
        "filter" : {
          "other" : 3202
        },
        "min" : {
          "date" : 148,
          "numeric" : 10
        },
        "avg" : {
          "numeric" : 61370
        },
        "terms" : {
          "date" : 13,
          "numeric" : 2190,
          "keyword" : 193390,
          "ip" : 26705
        },
        "rate" : {
          "numeric" : 12
        },
        "auto_date_histogram" : {
          "date" : 1156
        },
        "composite" : {
          "other" : 190961
        },
        "value_count" : {
          "keyword" : 11
        }
      }
    },
    "j2hnKlBpSgOe8Qry5-e_TA" : {
      "timestamp" : 1663848328585,
      "since" : 1661191856638,
      "rest_actions" : {
        "ilm_get_action" : 44,
        "get_index_template_action" : 2,
        "nodes_info_action" : 64,
        "get_indices_action" : 1,
        "get_composable_index_template_action" : 59,
        "xpack_info_action" : 2,
        "get_aliases_action" : 43,
        "get_license" : 146,
        "cluster_health_action" : 34,
        "bulk_action" : 71585878,
        "main_action" : 266,
        "ingest_get_pipeline_action" : 401,
        "cluster_update_settings_action" : 1
      },
      "aggregations" : {
        "date_range" : {
          "date" : 1233
        },
        "percentiles" : {
          "numeric" : 119
        },
        "date_histogram" : {
          "date" : 29176
        },
        "max" : {
          "date" : 113977,
          "numeric" : 76960
        },
        "geo_centroid" : {
          "geopoint" : 201
        },
        "geotile_grid" : {
          "geopoint" : 201
        },
        "scripted_metric" : {
          "other" : 1
        },
        "sum" : {
          "numeric" : 16421
        },
        "top_metrics" : {
          "other" : 19406
        },
        "filters" : {
          "other" : 3587
        },
        "top_hits" : {
          "other" : 9589
        },
        "cardinality" : {
          "keyword" : 10586,
          "numeric" : 65,
          "ip" : 8940
        },
        "histogram" : {
          "numeric" : 13
        },
        "filter" : {
          "other" : 2638
        },
        "min" : {
          "date" : 138,
          "numeric" : 16
        },
        "avg" : {
          "numeric" : 60288
        },
        "terms" : {
          "date" : 21,
          "numeric" : 1570,
          "keyword" : 174555,
          "ip" : 20757
        },
        "rate" : {
          "numeric" : 12
        },
        "auto_date_histogram" : {
          "date" : 968
        },
        "composite" : {
          "other" : 185666
        },
        "value_count" : {
          "keyword" : 12
        }
      }
    },
    "pC_yHI-uRseEhj6dexBYsQ" : {
      "timestamp" : 1663848328584,
      "since" : 1662558311981,
      "rest_actions" : {
        "security_get_role_mappings_action" : 1,
        "ilm_get_action" : 3,
        "clear_scroll_action" : 1,
        "ml_get_datafeed_stats_action" : 2,
        "xpack_security_invalidate_api_key" : 36,
        "remote_cluster_info_action" : 2,
        "security_get_privileges_action" : 2,
        "get_mapping_action" : 2,
        "get_indices_action" : 1204606,
        "cat_count_action" : 2,
        "create_index_action" : 1,
        "update_by_query_action" : 654068,
        "cat_segments_action" : 2,
        "ml_get_trained_models_stats_action" : 2,
        "eql_search" : 34289,
        "cat_health_action" : 2,
        "slm_get_lifecycle_stats" : 1,
        "async_search_submit_action" : 2025,
        "field_capabilities_action" : 2533901,
        "document_get_action" : 8905133,
        "cluster_allocation_explain_action" : 4,
        "count_action" : 269164,
        "get_rollup_caps" : 2,
        "cat_templates_action" : 2,
        "list_dangling_indices" : 2,
        "cat_shards_action" : 6,
        "cluster_get_settings_action" : 5,
        "cat_plugins_action" : 2,
        "get_settings_action" : 3,
        "document_index_action" : 548,
        "ilm_get_operation_mode_action" : 2,
        "security_authenticate_action" : 16351,
        "xpack_ml_get_data_frame_analytics_stats_action" : 2,
        "xpack_ml_get_data_frame_analytics_action" : 3,
        "get_shutdown_status" : 2,
        "ccr_follower_info" : 2,
        "async_search_status_action" : 2770,
        "get_repositories_action" : 2,
        "cat_node_attrs_action" : 2,
        "cat_threadpool_action" : 2,
        "nodes_info_action" : 529514,
        "ml_get_jobs_action" : 16,
        "watcher_stats" : 2,
        "open_point_in_time" : 864,
        "get_autoscaling_capacity" : 2,
        "async_search_get_action" : 5155,
        "ml_get_trained_models_action" : 2,
        "ml_get_job_stats_action" : 2,
        "ssl_get_certificates" : 2,
        "put_mapping_action" : 23,
        "xpack_usage_action" : 1,
        "get_data_streams_action" : 1,
        "security_get_users_action" : 3,
        "cat_pending_cluster_tasks_action" : 2,
        "document_create_action" : 136746,
        "cluster_stats_action" : 2,
        "search_action" : 5435687,
        "get_aliases_action" : 27604,
        "cat_allocation_action" : 4,
        "ccr_get_auto_follow_pattern_action" : 2,
        "transform_get_transform_stats_action" : 85,
        "geoip_downloader_stats" : 2,
        "nodes_usage_action" : 2,
        "document_update_action" : 5635578,
        "enrich_stats" : 2,
        "get_index_template_action" : 3,
        "cat_alias_action" : 2,
        "nodes_stats_action" : 4,
        "nodes_hot_threads_action" : 2,
        "ccr_stats" : 2,
        "monitoring_bulk" : 110609,
        "get_rollup_job" : 2,
        "cluster_health_action" : 2,
        "document_delete_action" : 137552,
        "cat_recovery_action" : 2,
        "async_search_delete_action" : 2393,
        "close_point_in_time" : 884,
        "cat_indices_action" : 2,
        "transform_get_transform_action" : 1,
        "simulate_template_action" : 2,
        "document_mget_action" : 802,
        "ml_get_datafeeds_action" : 2,
        "cat_master_action" : 4,
        "list_tasks_action" : 2,
        "bulk_action" : 2920878,
        "ingest_get_pipeline_action" : 39,
        "logstash_get_pipeline" : 2,
        "get_component_template_action" : 26,
        "ml_info_action" : 47,
        "put_component_template_action" : 3,
        "get_composable_index_template_action" : 3,
        "slm_get_lifecycle" : 1,
        "indices_shard_stores_action" : 2,
        "indices_segments_action" : 2,
        "xpack_info_action" : 87662,
        "security_get_roles_action" : 1,
        "cat_fielddata_action" : 4,
        "delete_by_query_action" : 172,
        "searchable_snapshots_cache_stats_action" : 1,
        "get_license" : 2,
        "main_action" : 9729,
        "ilm_explain_action" : 4,
        "pending_cluster_tasks_action" : 2,
        "cat_repositories_action" : 2,
        "get_enrich_policy" : 2,
        "indices_stats_action" : 17,
        "cat_nodes_action" : 4,
        "cluster_state_action" : 2,
        "security_has_priviledges_action" : 622975,
        "simulate_index_template_action" : 21,
        "recovery_action" : 2,
        "get_snapshots_action" : 2,
        "slm_get_operation_mode_action" : 1,
        "get_rollup_index_caps" : 1,
        "put_composable_index_template_action" : 2
      },
      "aggregations" : { }
    }
  }
}
