[{"path":"/srv/elasticsearch_conf_gui/certs/vuwcacert.pem","format":"PEM","alias":null,"subject_dn":"CN=SPADS12.VUW.leidenuniv.nl","serial_number":"190000045f970f48e23a6c4c9200010000045f","has_private_key":false,"expiry":"2020-08-25T12:02:45.000Z"},{"path":"/srv/elasticsearch_conf_gui/certs/p-issc-013354.p12","format":"PKCS12","alias":"p-issc-013354","subject_dn":"CN=p-issc-013354","serial_number":"57e5fe9ffc814caffc52c070c53e34f9a87561a5","has_private_key":true,"expiry":"2024-03-17T14:47:20.000Z"},{"path":"/srv/elasticsearch_conf_gui/certs/vuwcacert.pem","format":"PEM","alias":null,"subject_dn":"CN=SPADS14.VUW.leidenuniv.nl","serial_number":"19000003a5c8174d7fd42ee5560001000003a5","has_private_key":false,"expiry":"2020-05-25T16:22:22.000Z"},{"path":"/srv/elasticsearch_conf_gui/certs/p-issc-013354.p12","format":"PKCS12","alias":"ca","subject_dn":"CN=Elastic Certificate Tool Autogenerated CA","serial_number":"cbd695d5b76cc3926923786e0c825d37bed4b652","has_private_key":false,"expiry":"2023-04-09T08:24:02.000Z"},{"path":"/srv/elasticsearch_conf_gui/certs/vuwcacert.pem","format":"PEM","alias":null,"subject_dn":"CN=SPADS11.VUW.leidenuniv.nl","serial_number":"190000045e8c5bc05f70c0180800010000045e","has_private_key":false,"expiry":"2020-08-24T16:15:01.000Z"},{"path":"/srv/elasticsearch_conf_gui/certs/vuwcacert.pem","format":"PEM","alias":null,"subject_dn":"CN=Leiden University NUWD Issuing CA 1, DC=VUW, DC=leidenuniv, DC=nl","serial_number":"700000000c21fb229c5fa0466d00010000000c","has_private_key":false,"expiry":"2023-04-06T10:01:11.000Z"},{"path":"/srv/elasticsearch_conf_gui/certs/vuwcacert.pem","format":"PEM","alias":null,"subject_dn":"CN=SPADS15.VUW.leidenuniv.nl","serial_number":"190000039fb099695fb6ec0bfe00010000039f","has_private_key":false,"expiry":"2020-05-18T08:29:38.000Z"},{"path":"/srv/elasticsearch_conf_gui/certs/vuwcacert.pem","format":"PEM","alias":null,"subject_dn":"CN=Leiden University NUWD Root CA","serial_number":"47f7bbc8a246b3ad415c197adc7e4048","has_private_key":false,"expiry":"2025-09-28T13:23:18.000Z"},{"path":"/srv/elasticsearch_conf_gui/certs/p-issc-013354.p12","format":"PKCS12","alias":"p-issc-013354","subject_dn":"CN=Elastic Certificate Tool Autogenerated CA","serial_number":"cbd695d5b76cc3926923786e0c825d37bed4b652","has_private_key":false,"expiry":"2023-04-09T08:24:02.000Z"},{"path":"/srv/elasticsearch_conf_gui/certs/vuwcacert.pem","format":"PEM","alias":null,"subject_dn":"CN=SPADS10.VUW.leidenuniv.nl","serial_number":"190000045d2db9abfd9d427ea400010000045d","has_private_key":false,"expiry":"2020-08-24T00:07:33.000Z"},{"path":"/srv/elasticsearch_conf_gui/certs/vuwcacert.pem","format":"PEM","alias":null,"subject_dn":"CN=SPADS13.VUW.leidenuniv.nl","serial_number":"19000003ddb55a270fd8ec4c460001000003dd","has_private_key":false,"expiry":"2020-06-11T16:37:06.000Z"}]