{
  "name" : "p-issc-013354.infra.leidenuniv.nl",
  "cluster_name" : "insighter",
  "cluster_uuid" : "g5E6VVxQT-yDMNPm_B1LkA",
  "version" : {
    "number" : "7.17.4",
    "build_flavor" : "default",
    "build_type" : "rpm",
    "build_hash" : "79878662c54c886ae89206c685d9f1051a9d6411",
    "build_date" : "2022-05-18T18:04:20.964345128Z",
    "build_snapshot" : false,
    "lucene_version" : "8.11.1",
    "minimum_wire_compatibility_version" : "6.8.0",
    "minimum_index_compatibility_version" : "6.0.0-beta1"
  },
  "tagline" : "You Know, for Search"
}
