{
    "agent": {
        "id": "4c9c9cb3-f80f-44d8-9c89-6168243b7f21",
        "type": "endpoint",
        "version": "8.3.0-SNAPSHOT"
    },
    "container": {
        "id": "8d38b2f18290e973c5ea8f9ee207e970a8aa9191fa89bf3d4ea2a126f2f010a6",
        "image": {
            "name": "gke.gcr.io/csi-node-driver-registrar:v2.5.0-gke.1",
            "tag": [
                "v2.5.0-gke.1"
            ],
            "hash": {
                "all": [
                    "sha256:f7988fb6c02e0ce69257d9bd9cf37ae20a60f1df7563c3a2a6abe24160306b8d"
                ]
            }
        },
        "name": "csi-driver-registrar"
    },
    "cloud": {
        "account": {
            "id": "1234"
        },
        "instance": {
            "name": "webserver-12"
        },
        "project": {
            "id": "1234"
        },
        "provider": "aws",
        "region": "us-east-1"
    },
    "orchestrator": {
        "cluster": {
            "id": "f0cd61d5-327b-43e0-bc94-d9ea922fb4b5",
            "name": "webservers"
        },
        "namespace": "webapp",
        "resource": {
            "ip": [
                "10.1.237.155"
            ],
            "name": "pdcsi-node-6zh4j",
            "type": "pod",
            "parent": {
                "type": "DaemonSet"
            }
        }
    },
    "process": {
        "entry_leader": {
            "attested_user": {
                "id": "123",
                "name": "userA"
            },
            "attested_groups": {
                "name": "groupA"
            }
        },
        "Ext": {
            "ancestry": [
                "NGM5YzljYjMtZjgwZi00NGQ4LTljODktNjE2ODI0M2I3ZjIxLTYwMC0xMzI5MzU0OTExMC40NjgyMjI3MDA=",
                "NGM5YzljYjMtZjgwZi00NGQ4LTljODktNjE2ODI0M2I3ZjIxLTQ3Mi0xMzI5MzU0OTExMC4xNzIwMjY5MDA="
            ],
            "code_signature": [
                {
                    "trusted": true,
                    "subject_name": "Microsoft Windows Publisher",
                    "exists": true,
                    "status": "trusted"
                }
            ],
            "mitigation_policies": [
                "Microsoft only, Opt-in to restrict to Microsoft, Windows Store and WHQL",
                "CET dynamic APIs can only be called out of proc",
                "CF Guard"
            ],
            "device": {
                "volume_device_type": "Disk File System"
            },
            "authentication_id": "0x3e7",
            "token": {
                "integrity_level_name": "system",
                "security_attributes": [
                    "TSA://ProcUnique"
                ],
                "elevation_level": "default"
            },
            "effective_parent": {
                "entity_id": "YWFhYWFhYWEtYWFhYS1hYWFhLWFhYWEtYWFhYWFhYWFhYWFhLTI3MzItMTMyOTk3MDczNDEuMjUyNTI3NDAw",
                "executable": "C:\\Windows\\System32\\wbem\\WMIC.exe",
                "name": "WMIC.exe",
                "pid": 2732
            },
            "relative_file_creation_time": 48628704.4029488,
            "relative_file_name_modify_time": 48628704.4029488,
            "session_info": {
                "logon_type": "Interactive",
                "client_address": "127.0.0.1",
                "id": 1,
                "authentication_package": "NTLM",
                "relative_logon_time": 0.1,
                "relative_password_age": 2592000.123,
                "user_flags": [
                    "LOGON_EXTRA_SIDS",
                    "LOGON_NTLMV2_ENABLED",
                    "LOGON_WINLOGON"
                ]
            }
        },
        "parent": {
            "args": [],
            "name": "services.exe",
            "pid": 600,
            "args_count": 0,
            "entity_id": "NGM5YzljYjMtZjgwZi00NGQ4LTljODktNjE2ODI0M2I3ZjIxLTYwMC0xMzI5MzU0OTExMC40NjgyMjI3MDA=",
            "command_line": "",
            "executable": "C:\\Windows\\System32\\services.exe",
            "thread": {
                "Ext": {
                    "call_stack": [
                        {
                            "allocation_private_bytes": 16384,
                            "callsite_leading_bytes": "00000000000000000000000000000000000000000000000000000000000000000000000000000000000000000000000000000000000000000000000000000000",
                            "callsite_trailing_bytes": "00000000000000000000000000000000000000000000000000000000000000000000000000000000000000000000000000000000000000000000000000000000",
                            "protection": "RWX",
                            "symbol_info": "C:\\Windows\\System32\\ntdll.dll!RtlUserThreadStart+0x21"
                        }
                    ],
                    "call_stack_summary": "ntdll.dll|kernelbase.dll|kernel32.dll|cmd.exe|kernel32.dll|ntdll.dll",
                    "call_stack_contains_unbacked": true
                }
            }
        },
        "pid": 2772,
        "working_directory": "C:\\Windows\\system32\\",
        "end": "2022-07-18T21:05:19.9419692Z",
        "entity_id": "NGM5YzljYjMtZjgwZi00NGQ4LTljODktNjE2ODI0M2I3ZjIxLTI3NzItMTMyOTM1NzE5ODguNjU3ODk4NjAw",
        "executable": "C:\\Windows\\System32\\svchost.exe",
        "args": [
            "C:\\Windows\\System32\\svchost.exe",
            "-k",
            "WerSvcGroup"
        ],
        "code_signature": {
            "trusted": true,
            "subject_name": "Microsoft Windows Publisher",
            "exists": true,
            "status": "trusted"
        },
        "pe": {
            "original_file_name": "svchost.exe"
        },
        "name": "svchost.exe",
        "args_count": 3,
        "command_line": "C:\\Windows\\System32\\svchost.exe -k WerSvcGroup",
        "hash": {
            "sha1": "4fbfc6004084d97032837c21d3f426892d868eac",
            "sha256": "cb19fd67b1d028e01f54c426a0924528c4a8d8ed8996cfe0ee0c6e45285436a1",
            "md5": "1b280ad032268a636ecfe6f9165431b7"
        },
        "tty": {
            "char_device": {
                "major": 4,
                "minor": 1
            },
            "rows": 24,
            "columns": 80
        },
        "io": {
            "text": "helloworld",
            "total_bytes_captured": 10,
            "total_bytes_skipped": 0,
            "max_bytes_per_process_exceeded": false
        },
        "env_vars": [
            "NICK=test",
            "OTHER=why"
        ]
    },
    "message": "Endpoint process event",
    "@timestamp": "2022-04-04T18:53:08.6578986Z",
    "ecs": {
        "version": "1.11.0"
    },
    "data_stream": {
        "namespace": "default",
        "type": "logs",
        "dataset": "endpoint.events.process"
    },
    "host": {
        "hostname": "data-viz-win-1",
        "os": {
            "Ext": {
                "variant": "Windows Server 2019 Datacenter"
            },
            "kernel": "1809 (10.0.17763.2686)",
            "name": "Windows",
            "family": "windows",
            "type": "windows",
            "version": "1809 (10.0.17763.2686)",
            "platform": "windows",
            "full": "Windows Server 2019 Datacenter 1809 (10.0.17763.2686)"
        },
        "ip": [
            "10.201.0.13",
            "fe80::f40a:aed0:618a:972d",
            "127.0.0.1",
            "::1"
        ],
        "name": "data-viz-win-1",
        "id": "2beebb8e-e5f0-46ca-8635-97ba7bb8ccca",
        "mac": [
            "00-00-5E-00-53-23"
        ],
        "architecture": "x86_64"
    },
    "event": {
        "agent_id_status": "verified",
        "sequence": 36236,
        "ingested": "2022-04-04T18:53:18Z",
        "created": "2022-04-04T18:53:08.6578986Z",
        "kind": "event",
        "module": "endpoint",
        "action": "start",
        "id": "MYfZG00oEwD2/fqT+++++CLz",
        "category": [
            "process"
        ],
        "type": [
            "start"
        ],
        "dataset": "endpoint.events.process"
    },
    "user": {
        "domain": "NT AUTHORITY",
        "name": "SYSTEM",
        "id": "S-1-5-18"
    }
}